id,subject_user,recommendation_time,clicked_user,click_time
4,950c8148b4c7703590bbe92d54ca1ef7,"7:57 20 Apr 2018",bc3e020a4a2673c05eede3450d40af3d,"7:57 20 Apr 2018"
31,950c8148b4c7703590bbe92d54ca1ef7,"9:05 20 Apr 2018",bc3e020a4a2673c05eede3450d40af3d,"9:05 20 Apr 2018"
36,950c8148b4c7703590bbe92d54ca1ef7,"9:14 20 Apr 2018",bc3e020a4a2673c05eede3450d40af3d,"9:14 20 Apr 2018"
37,950c8148b4c7703590bbe92d54ca1ef7,"9:14 20 Apr 2018",14ba3237a5b76f88593bd91f0e4e2a6d,"9:15 20 Apr 2018"
41,950c8148b4c7703590bbe92d54ca1ef7,"9:17 20 Apr 2018",199fd734b805adce2135f7cff31a1cbb,"9:17 20 Apr 2018"
42,950c8148b4c7703590bbe92d54ca1ef7,"9:17 20 Apr 2018",1ce511c4289549298330e2c23cd58f24,"9:17 20 Apr 2018"
43,950c8148b4c7703590bbe92d54ca1ef7,"9:17 20 Apr 2018",ab920a7925a2dd9771f236412cd7babc,"9:17 20 Apr 2018"
97,3cac40ce4875d335f8d701062327c9ee,"11:42 22 Apr 2018",65aeeb72619cd486b2ae13e8ccd51236,"11:42 22 Apr 2018"
98,3cac40ce4875d335f8d701062327c9ee,"11:42 22 Apr 2018",70ed8901c35772374c7c5ad96285d3ec,"11:42 22 Apr 2018"
127,aae20d0e67f8c84a56e1382275d6cb10,"8:17 23 Apr 2018",f3abe9d7049d18069274d7808aecbfe1,"8:17 23 Apr 2018"
135,c5d930717d8b040abab1b244f7118228,"11:16 23 Apr 2018",3cac40ce4875d335f8d701062327c9ee,"11:17 23 Apr 2018"
137,90559fa39feac8db1cba1c04abccad93,"11:33 23 Apr 2018",3cac40ce4875d335f8d701062327c9ee,"11:33 23 Apr 2018"
157,81440d14ed5e2a76baf9066b3fa784df,"14:29 23 Apr 2018",ff0eeb1280c0b9aa8b3af7821c1aec94,"14:30 23 Apr 2018"
157,81440d14ed5e2a76baf9066b3fa784df,"14:29 23 Apr 2018",ff0eeb1280c0b9aa8b3af7821c1aec94,"14:30 23 Apr 2018"
158,81440d14ed5e2a76baf9066b3fa784df,"14:31 23 Apr 2018",3b56a716ce3ef2b92f6010ab6705d223,"14:31 23 Apr 2018"
158,81440d14ed5e2a76baf9066b3fa784df,"14:31 23 Apr 2018",3b56a716ce3ef2b92f6010ab6705d223,"14:31 23 Apr 2018"
168,950c8148b4c7703590bbe92d54ca1ef7,"15:29 23 Apr 2018",f3abe9d7049d18069274d7808aecbfe1,"15:30 23 Apr 2018"
173,3cac40ce4875d335f8d701062327c9ee,"17:13 23 Apr 2018",9265c5c3c61f524d029b8fb21d1a708b,"17:13 23 Apr 2018"
221,30afe271b5a3eedb24cf18fbbd27e55c,"13:20 24 Apr 2018",9265c5c3c61f524d029b8fb21d1a708b,"13:20 24 Apr 2018"
224,3cac40ce4875d335f8d701062327c9ee,"14:07 24 Apr 2018",1ce511c4289549298330e2c23cd58f24,"14:08 24 Apr 2018"
234,2f7d4172c98e14504f37635a6f289176,"19:00 24 Apr 2018",65aeeb72619cd486b2ae13e8ccd51236,"19:01 24 Apr 2018"
235,2f7d4172c98e14504f37635a6f289176,"19:01 24 Apr 2018",ab920a7925a2dd9771f236412cd7babc,"19:01 24 Apr 2018"
329,9f61a6fa0ad74f729df015d2b0456694,"0:01 27 Apr 2018",6bb39136623e243fa0cb21548169c329,"0:02 27 Apr 2018"
338,6d7c6afa2a92e160e3897d4340b53831,"10:15 27 Apr 2018",6bb39136623e243fa0cb21548169c329,"10:16 27 Apr 2018"
340,3cac40ce4875d335f8d701062327c9ee,"10:27 27 Apr 2018",3a00c602c460ce5725fc7dcd067a3359,"10:27 27 Apr 2018"
368,dc71ea08d7176c2a4aed4326624ae2c5,"23:36 27 Apr 2018",3a00c602c460ce5725fc7dcd067a3359,"23:37 27 Apr 2018"
368,dc71ea08d7176c2a4aed4326624ae2c5,"23:36 27 Apr 2018",3a00c602c460ce5725fc7dcd067a3359,"23:37 27 Apr 2018"
387,2e749aa5e4f077500946db37889498ea,"11:56 28 Apr 2018",2d8f0b24408d5cee404c2e270dd282ca,"11:56 28 Apr 2018"
409,ed7faefb4e793e3429bd97d720bb2b0c,"21:50 28 Apr 2018",e91d0fb67b18571d5eab2b2d3bd01d43,"21:50 28 Apr 2018"
442,6d96d78bce958615e727152f995bd041,"1:57 30 Apr 2018",e4225d6fd5f511c413a9415f8e081e59,"2:00 30 Apr 2018"
466,3cac40ce4875d335f8d701062327c9ee,"11:20 30 Apr 2018",5d7ebca4616338ec94b0c0e29547684d,"11:20 30 Apr 2018"
468,3cac40ce4875d335f8d701062327c9ee,"11:22 30 Apr 2018",e4225d6fd5f511c413a9415f8e081e59,"11:22 30 Apr 2018"
475,150c559e9c48edd73fdce44e85f2a687,"12:40 30 Apr 2018",5d7ebca4616338ec94b0c0e29547684d,"12:41 30 Apr 2018"
476,150c559e9c48edd73fdce44e85f2a687,"12:43 30 Apr 2018",950c8148b4c7703590bbe92d54ca1ef7,"12:43 30 Apr 2018"
482,703459d5a6b9ac1882cedb227f766e51,"14:02 30 Apr 2018",f3abe9d7049d18069274d7808aecbfe1,"14:03 30 Apr 2018"
493,d975cbfe8133f1d3b4e7435b32fe349a,"16:13 30 Apr 2018",3cac40ce4875d335f8d701062327c9ee,"16:13 30 Apr 2018"
498,75cdb940413079b3da0a17ca67876792,"16:20 30 Apr 2018",f3abe9d7049d18069274d7808aecbfe1,"16:20 30 Apr 2018"
500,75cdb940413079b3da0a17ca67876792,"16:24 30 Apr 2018",5d7ebca4616338ec94b0c0e29547684d,"16:24 30 Apr 2018"
501,75cdb940413079b3da0a17ca67876792,"16:24 30 Apr 2018",3cac40ce4875d335f8d701062327c9ee,"16:24 30 Apr 2018"
574,7c3fb05b44f1c29aecadaddc29d0ec27,"10:36 3 May 2018",bc3e020a4a2673c05eede3450d40af3d,"10:36 3 May 2018"
575,7c3fb05b44f1c29aecadaddc29d0ec27,"10:36 3 May 2018",e4225d6fd5f511c413a9415f8e081e59,"10:36 3 May 2018"
611,b79d8ff5986e38440ab5cc6c25b09eba,"9:11 4 May 2018",ab920a7925a2dd9771f236412cd7babc,"9:11 4 May 2018"
616,3cac40ce4875d335f8d701062327c9ee,"11:26 4 May 2018",9b8c08445d7b223a57492fc03990eda6,"11:26 4 May 2018"
618,3cac40ce4875d335f8d701062327c9ee,"11:27 4 May 2018",703459d5a6b9ac1882cedb227f766e51,"11:28 4 May 2018"
651,3cac40ce4875d335f8d701062327c9ee,"14:56 7 May 2018",79963969f3f31d65d414bfa097124b5f,"14:56 7 May 2018"
654,75cdb940413079b3da0a17ca67876792,"15:55 7 May 2018",30afe271b5a3eedb24cf18fbbd27e55c,"15:56 7 May 2018"
668,3cac40ce4875d335f8d701062327c9ee,"8:35 8 May 2018",30afe271b5a3eedb24cf18fbbd27e55c,"8:36 8 May 2018"
669,3cac40ce4875d335f8d701062327c9ee,"8:36 8 May 2018",75cdb940413079b3da0a17ca67876792,"8:40 8 May 2018"
672,48cc7915177a39115e42af50183b7b41,"9:00 8 May 2018",6d96d78bce958615e727152f995bd041,"9:02 8 May 2018"
679,326183a59c442a86666097a5c8979009,"10:05 8 May 2018",3cac40ce4875d335f8d701062327c9ee,"10:06 8 May 2018"
678,326183a59c442a86666097a5c8979009,"10:05 8 May 2018",3cac40ce4875d335f8d701062327c9ee,"10:06 8 May 2018"
683,326183a59c442a86666097a5c8979009,"10:07 8 May 2018",3cac40ce4875d335f8d701062327c9ee,"10:07 8 May 2018"
684,326183a59c442a86666097a5c8979009,"10:07 8 May 2018",75cdb940413079b3da0a17ca67876792,"10:07 8 May 2018"
695,fb8f2140ea621422c3b8c7eb1e7461cb,"17:30 8 May 2018",3cac40ce4875d335f8d701062327c9ee,"17:30 8 May 2018"
704,30afe271b5a3eedb24cf18fbbd27e55c,"17:32 8 May 2018",75cdb940413079b3da0a17ca67876792,"17:32 8 May 2018"
705,30afe271b5a3eedb24cf18fbbd27e55c,"17:32 8 May 2018",950c8148b4c7703590bbe92d54ca1ef7,"17:32 8 May 2018"
715,70670b4a9f06ff664975cc7425de6f37,"17:34 8 May 2018",950c8148b4c7703590bbe92d54ca1ef7,"17:34 8 May 2018"
731,752fd1e39971452cdd8a652436c33a07,"17:39 8 May 2018",30afe271b5a3eedb24cf18fbbd27e55c,"17:39 8 May 2018"
769,950c8148b4c7703590bbe92d54ca1ef7,"13:31 10 May 2018",752fd1e39971452cdd8a652436c33a07,"13:32 10 May 2018"
778,4336b31ba067c28f32c8ab85d314903a,"17:55 10 May 2018",f44942350a1a59285520eb920deff9a8,"17:56 10 May 2018"
791,70670b4a9f06ff664975cc7425de6f37,"11:39 11 May 2018",1f667d4f341d00c744a6420a67f1764b,"11:39 11 May 2018"
794,70670b4a9f06ff664975cc7425de6f37,"11:40 11 May 2018",f3abe9d7049d18069274d7808aecbfe1,"11:40 11 May 2018"
837,70670b4a9f06ff664975cc7425de6f37,"16:30 14 May 2018",ad8783991619bcb350581e4187c1082a,"16:30 14 May 2018"
871,fb030203e5334469c6f8d71510ad495b,"17:52 16 May 2018",f3abe9d7049d18069274d7808aecbfe1,"17:53 16 May 2018"
924,3cac40ce4875d335f8d701062327c9ee,"17:26 21 May 2018",26f816377ab9bffd0e574925db669301,"17:27 21 May 2018"
931,950c8148b4c7703590bbe92d54ca1ef7,"0:28 22 May 2018",70670b4a9f06ff664975cc7425de6f37,"0:28 22 May 2018"
935,3cac40ce4875d335f8d701062327c9ee,"12:52 22 May 2018",6d96d78bce958615e727152f995bd041,"12:52 22 May 2018"
939,eaaf7ddd189a261280320805f2f7c2c8,"23:16 22 May 2018",6d96d78bce958615e727152f995bd041,"23:16 22 May 2018"
940,eaaf7ddd189a261280320805f2f7c2c8,"23:19 22 May 2018",f3abe9d7049d18069274d7808aecbfe1,"23:19 22 May 2018"
946,3cac40ce4875d335f8d701062327c9ee,"15:50 23 May 2018",4f7edaaed5a68b33ee6ae368a6e657db,"15:50 23 May 2018"
955,781773bc0af21dbc8767a22127adc63c,"20:23 25 May 2018",3cac40ce4875d335f8d701062327c9ee,"20:23 25 May 2018"
984,3cac40ce4875d335f8d701062327c9ee,"8:42 30 May 2018",ab920a7925a2dd9771f236412cd7babc,"8:49 30 May 2018"
998,3cac40ce4875d335f8d701062327c9ee,"13:01 4 Jun 2018",918a3adb919e2eb9cb0c776e20ec82d6,"13:04 4 Jun 2018"
1024,3cac40ce4875d335f8d701062327c9ee,"11:21 12 Jun 2018",1453fa97b1d15e7f65a0e9a68049e84d,"11:21 12 Jun 2018"
1030,b79d8ff5986e38440ab5cc6c25b09eba,"12:18 18 Jun 2018",d51a061a2273955e17ec09164d8ce689,"12:18 18 Jun 2018"
1092,703459d5a6b9ac1882cedb227f766e51,"14:46 3 Jul 2018",afb60791627ff021468f3deeef8be4d4,"14:46 3 Jul 2018"
1108,3cac40ce4875d335f8d701062327c9ee,"12:42 23 Jul 2018",afb60791627ff021468f3deeef8be4d4,"12:43 23 Jul 2018"
1,950c8148b4c7703590bbe92d54ca1ef7,"7:55 20 Apr 2018",,
2,950c8148b4c7703590bbe92d54ca1ef7,"7:55 20 Apr 2018",,
3,950c8148b4c7703590bbe92d54ca1ef7,"7:56 20 Apr 2018",,
5,950c8148b4c7703590bbe92d54ca1ef7,"7:59 20 Apr 2018",,
6,950c8148b4c7703590bbe92d54ca1ef7,"8:02 20 Apr 2018",,
7,950c8148b4c7703590bbe92d54ca1ef7,"8:08 20 Apr 2018",,
8,950c8148b4c7703590bbe92d54ca1ef7,"8:13 20 Apr 2018",,
9,950c8148b4c7703590bbe92d54ca1ef7,"8:14 20 Apr 2018",,
10,950c8148b4c7703590bbe92d54ca1ef7,"8:23 20 Apr 2018",,
11,950c8148b4c7703590bbe92d54ca1ef7,"8:26 20 Apr 2018",,
12,950c8148b4c7703590bbe92d54ca1ef7,"8:31 20 Apr 2018",,
13,950c8148b4c7703590bbe92d54ca1ef7,"8:33 20 Apr 2018",,
14,950c8148b4c7703590bbe92d54ca1ef7,"8:33 20 Apr 2018",,
15,950c8148b4c7703590bbe92d54ca1ef7,"8:38 20 Apr 2018",,
16,950c8148b4c7703590bbe92d54ca1ef7,"8:39 20 Apr 2018",,
17,950c8148b4c7703590bbe92d54ca1ef7,"8:42 20 Apr 2018",,
18,950c8148b4c7703590bbe92d54ca1ef7,"8:46 20 Apr 2018",,
19,950c8148b4c7703590bbe92d54ca1ef7,"8:47 20 Apr 2018",,
20,950c8148b4c7703590bbe92d54ca1ef7,"8:50 20 Apr 2018",,
21,950c8148b4c7703590bbe92d54ca1ef7,"8:53 20 Apr 2018",,
22,950c8148b4c7703590bbe92d54ca1ef7,"8:55 20 Apr 2018",,
23,950c8148b4c7703590bbe92d54ca1ef7,"8:55 20 Apr 2018",,
24,950c8148b4c7703590bbe92d54ca1ef7,"8:56 20 Apr 2018",,
25,950c8148b4c7703590bbe92d54ca1ef7,"8:57 20 Apr 2018",,
26,950c8148b4c7703590bbe92d54ca1ef7,"8:59 20 Apr 2018",,
27,950c8148b4c7703590bbe92d54ca1ef7,"8:59 20 Apr 2018",,
28,3cac40ce4875d335f8d701062327c9ee,"9:01 20 Apr 2018",,
29,950c8148b4c7703590bbe92d54ca1ef7,"9:02 20 Apr 2018",,
30,950c8148b4c7703590bbe92d54ca1ef7,"9:03 20 Apr 2018",,
32,950c8148b4c7703590bbe92d54ca1ef7,"9:05 20 Apr 2018",,
33,950c8148b4c7703590bbe92d54ca1ef7,"9:07 20 Apr 2018",,
34,3cac40ce4875d335f8d701062327c9ee,"9:10 20 Apr 2018",,
35,950c8148b4c7703590bbe92d54ca1ef7,"9:14 20 Apr 2018",,
38,950c8148b4c7703590bbe92d54ca1ef7,"9:15 20 Apr 2018",,
39,950c8148b4c7703590bbe92d54ca1ef7,"9:16 20 Apr 2018",,
40,950c8148b4c7703590bbe92d54ca1ef7,"9:17 20 Apr 2018",,
44,3cac40ce4875d335f8d701062327c9ee,"9:35 20 Apr 2018",,
45,3cac40ce4875d335f8d701062327c9ee,"9:47 20 Apr 2018",,
46,3cac40ce4875d335f8d701062327c9ee,"12:33 20 Apr 2018",,
47,3b56a716ce3ef2b92f6010ab6705d223,"12:43 20 Apr 2018",,
48,0ba3b401737934b2038a8d7e7120cb81,"13:26 20 Apr 2018",,
49,0ba3b401737934b2038a8d7e7120cb81,"13:27 20 Apr 2018",,
50,17bd778759adcf55b45b130e81cfbc26,"14:03 20 Apr 2018",,
51,17bd778759adcf55b45b130e81cfbc26,"14:06 20 Apr 2018",,
52,17bd778759adcf55b45b130e81cfbc26,"14:07 20 Apr 2018",,
53,de22099e51d6eb1d55f24b005202f343,"15:14 20 Apr 2018",,
54,59ec046ffbc7e5695cdced9302a5ed29,"16:02 20 Apr 2018",,
55,c0b6791c297c8850e2051f32e27c23d4,"16:30 20 Apr 2018",,
56,1e5bb60603c30f772778fce82654c583,"16:34 20 Apr 2018",,
57,1e5bb60603c30f772778fce82654c583,"16:36 20 Apr 2018",,
58,c0b6791c297c8850e2051f32e27c23d4,"16:44 20 Apr 2018",,
59,1ffd0699e1fb3124d5ec97958f0c9515,"16:44 20 Apr 2018",,
60,c0b6791c297c8850e2051f32e27c23d4,"16:47 20 Apr 2018",,
61,1ffd0699e1fb3124d5ec97958f0c9515,"16:47 20 Apr 2018",,
62,950c8148b4c7703590bbe92d54ca1ef7,"18:03 20 Apr 2018",,
63,950c8148b4c7703590bbe92d54ca1ef7,"21:05 20 Apr 2018",,
64,950c8148b4c7703590bbe92d54ca1ef7,"21:36 20 Apr 2018",,
65,ca881c055839c2ae4207dedd52bde845,"22:27 20 Apr 2018",,
66,c0b6791c297c8850e2051f32e27c23d4,"2:51 21 Apr 2018",,
67,950c8148b4c7703590bbe92d54ca1ef7,"7:33 21 Apr 2018",,
68,ab920a7925a2dd9771f236412cd7babc,"8:53 21 Apr 2018",,
69,ab920a7925a2dd9771f236412cd7babc,"8:53 21 Apr 2018",,
70,950c8148b4c7703590bbe92d54ca1ef7,"10:04 21 Apr 2018",,
71,b2776c0878d9b411ea451370edb4a0c9,"10:35 21 Apr 2018",,
72,950c8148b4c7703590bbe92d54ca1ef7,"11:30 21 Apr 2018",,
73,ea3786a4d21fabdeff2d13f4e231318e,"12:22 21 Apr 2018",,
74,ea3786a4d21fabdeff2d13f4e231318e,"12:22 21 Apr 2018",,
75,950c8148b4c7703590bbe92d54ca1ef7,"14:03 21 Apr 2018",,
76,950c8148b4c7703590bbe92d54ca1ef7,"14:03 21 Apr 2018",,
77,3d3cd71af31aa64641d8cbc4b59f19a8,"18:01 21 Apr 2018",,
78,8435eb16e9db864163e2a226b0befd52,"18:02 21 Apr 2018",,
79,3d3cd71af31aa64641d8cbc4b59f19a8,"18:04 21 Apr 2018",,
80,279e24417387b61062a606b8a6a88785,"19:41 21 Apr 2018",,
81,f8126855fc3897f44262f0678617e707,"19:42 21 Apr 2018",,
82,f8126855fc3897f44262f0678617e707,"19:44 21 Apr 2018",,
83,70ed8901c35772374c7c5ad96285d3ec,"20:10 21 Apr 2018",,
84,70ed8901c35772374c7c5ad96285d3ec,"20:11 21 Apr 2018",,
85,65aeeb72619cd486b2ae13e8ccd51236,"21:49 21 Apr 2018",,
86,ff0eeb1280c0b9aa8b3af7821c1aec94,"22:01 21 Apr 2018",,
87,ff0eeb1280c0b9aa8b3af7821c1aec94,"22:02 21 Apr 2018",,
88,30d1c59b35e8556b5b3b3b673fca9754,"23:57 21 Apr 2018",,
89,c0b6791c297c8850e2051f32e27c23d4,"0:53 22 Apr 2018",,
90,2d8806d454d3015089ba4e7c8438d7dd,"4:43 22 Apr 2018",,
91,2d8806d454d3015089ba4e7c8438d7dd,"4:46 22 Apr 2018",,
92,950c8148b4c7703590bbe92d54ca1ef7,"8:14 22 Apr 2018",,
93,950c8148b4c7703590bbe92d54ca1ef7,"8:46 22 Apr 2018",,
94,950c8148b4c7703590bbe92d54ca1ef7,"10:13 22 Apr 2018",,
95,1456a97ea3e3bca4be2101f248e62726,"10:23 22 Apr 2018",,
96,1456a97ea3e3bca4be2101f248e62726,"10:26 22 Apr 2018",,
99,3cac40ce4875d335f8d701062327c9ee,"11:43 22 Apr 2018",,
100,3cac40ce4875d335f8d701062327c9ee,"11:43 22 Apr 2018",,
101,3cac40ce4875d335f8d701062327c9ee,"11:44 22 Apr 2018",,
102,d771555176f1d898b23919132cd9e507,"14:41 22 Apr 2018",,
103,d771555176f1d898b23919132cd9e507,"14:42 22 Apr 2018",,
104,d771555176f1d898b23919132cd9e507,"14:43 22 Apr 2018",,
105,d771555176f1d898b23919132cd9e507,"14:44 22 Apr 2018",,
106,d771555176f1d898b23919132cd9e507,"15:26 22 Apr 2018",,
107,f3abe9d7049d18069274d7808aecbfe1,"15:29 22 Apr 2018",,
108,d771555176f1d898b23919132cd9e507,"15:30 22 Apr 2018",,
109,950c8148b4c7703590bbe92d54ca1ef7,"15:55 22 Apr 2018",,
110,83f18c46cbefaeb82b4641fd046a6ef6,"16:36 22 Apr 2018",,
111,3f1546cbd55d4d1f86af99def65d61fc,"16:41 22 Apr 2018",,
112,950c8148b4c7703590bbe92d54ca1ef7,"17:10 22 Apr 2018",,
113,950c8148b4c7703590bbe92d54ca1ef7,"17:11 22 Apr 2018",,
114,49e629c5778949f1c4174b59e7a06ccd,"18:15 22 Apr 2018",,
115,950c8148b4c7703590bbe92d54ca1ef7,"19:19 22 Apr 2018",,
116,950c8148b4c7703590bbe92d54ca1ef7,"19:23 22 Apr 2018",,
117,6c41f41c2cb4e9fcd3be8c971f586600,"21:32 22 Apr 2018",,
118,950c8148b4c7703590bbe92d54ca1ef7,"21:33 22 Apr 2018",,
119,c0b6791c297c8850e2051f32e27c23d4,"21:53 22 Apr 2018",,
120,950c8148b4c7703590bbe92d54ca1ef7,"22:07 22 Apr 2018",,
121,950c8148b4c7703590bbe92d54ca1ef7,"22:22 22 Apr 2018",,
122,950c8148b4c7703590bbe92d54ca1ef7,"22:22 22 Apr 2018",,
123,83f18c46cbefaeb82b4641fd046a6ef6,"23:03 22 Apr 2018",,
124,950c8148b4c7703590bbe92d54ca1ef7,"23:25 22 Apr 2018",,
125,c93e813219edfa8bb1203b67ae49e2c1,"23:28 22 Apr 2018",,
126,ea3786a4d21fabdeff2d13f4e231318e,"7:39 23 Apr 2018",,
128,1e2f3a0e49135a95994ae36d198ff355,"8:32 23 Apr 2018",,
129,1e2f3a0e49135a95994ae36d198ff355,"8:32 23 Apr 2018",,
130,7c2f172da5f0a01b5c96841a1b049a2f,"9:33 23 Apr 2018",,
131,7c2f172da5f0a01b5c96841a1b049a2f,"9:36 23 Apr 2018",,
132,7c2f172da5f0a01b5c96841a1b049a2f,"9:37 23 Apr 2018",,
133,950c8148b4c7703590bbe92d54ca1ef7,"10:16 23 Apr 2018",,
134,950c8148b4c7703590bbe92d54ca1ef7,"10:17 23 Apr 2018",,
136,eb63c788c5b567df0e01ccba64cd20dd,"11:29 23 Apr 2018",,
138,4e97eaf3a9d7544a69e9b3b1af764ee1,"12:01 23 Apr 2018",,
139,4e97eaf3a9d7544a69e9b3b1af764ee1,"12:04 23 Apr 2018",,
140,f7eb43b77f5019ef246157e53c2ce57b,"12:16 23 Apr 2018",,
141,d7f57e694ee85244a1dc829a89bac64a,"12:35 23 Apr 2018",,
142,e7f5af03ad520c40baa7a9e616ba363a,"12:37 23 Apr 2018",,
143,e7f5af03ad520c40baa7a9e616ba363a,"12:39 23 Apr 2018",,
144,e7f5af03ad520c40baa7a9e616ba363a,"12:40 23 Apr 2018",,
145,c5d930717d8b040abab1b244f7118228,"12:47 23 Apr 2018",,
146,90559fa39feac8db1cba1c04abccad93,"12:58 23 Apr 2018",,
147,950c8148b4c7703590bbe92d54ca1ef7,"13:00 23 Apr 2018",,
148,2a07c381f6cf80d5571d9ab610c2b3ef,"13:50 23 Apr 2018",,
149,950c8148b4c7703590bbe92d54ca1ef7,"13:54 23 Apr 2018",,
150,950c8148b4c7703590bbe92d54ca1ef7,"13:54 23 Apr 2018",,
151,9265c5c3c61f524d029b8fb21d1a708b,"13:57 23 Apr 2018",,
152,950c8148b4c7703590bbe92d54ca1ef7,"14:01 23 Apr 2018",,
153,950c8148b4c7703590bbe92d54ca1ef7,"14:01 23 Apr 2018",,
154,950c8148b4c7703590bbe92d54ca1ef7,"14:23 23 Apr 2018",,
155,81440d14ed5e2a76baf9066b3fa784df,"14:26 23 Apr 2018",,
156,81440d14ed5e2a76baf9066b3fa784df,"14:29 23 Apr 2018",,
159,81440d14ed5e2a76baf9066b3fa784df,"14:32 23 Apr 2018",,
160,81440d14ed5e2a76baf9066b3fa784df,"14:32 23 Apr 2018",,
161,81440d14ed5e2a76baf9066b3fa784df,"14:32 23 Apr 2018",,
162,81440d14ed5e2a76baf9066b3fa784df,"14:44 23 Apr 2018",,
163,81440d14ed5e2a76baf9066b3fa784df,"14:46 23 Apr 2018",,
164,3cac40ce4875d335f8d701062327c9ee,"14:57 23 Apr 2018",,
165,3cac40ce4875d335f8d701062327c9ee,"14:59 23 Apr 2018",,
166,3cac40ce4875d335f8d701062327c9ee,"15:25 23 Apr 2018",,
167,950c8148b4c7703590bbe92d54ca1ef7,"15:27 23 Apr 2018",,
169,3cac40ce4875d335f8d701062327c9ee,"15:30 23 Apr 2018",,
170,798d87e9f507955e12a85d54587b7956,"17:03 23 Apr 2018",,
171,ad101e89cff9eb0bf4de57242a2fa277,"17:06 23 Apr 2018",,
172,798d87e9f507955e12a85d54587b7956,"17:07 23 Apr 2018",,
174,3cac40ce4875d335f8d701062327c9ee,"17:13 23 Apr 2018",,
175,3cac40ce4875d335f8d701062327c9ee,"17:14 23 Apr 2018",,
176,d8b5f3844db11ca3c9f42f7cbca2be05,"17:37 23 Apr 2018",,
177,d8b5f3844db11ca3c9f42f7cbca2be05,"17:37 23 Apr 2018",,
178,d35e2b4f0ffb113f44350972c4dd90f4,"18:11 23 Apr 2018",,
179,d35e2b4f0ffb113f44350972c4dd90f4,"18:12 23 Apr 2018",,
180,c657ea4f0ae0ce8663159718e4198a08,"18:21 23 Apr 2018",,
181,c657ea4f0ae0ce8663159718e4198a08,"18:27 23 Apr 2018",,
182,c657ea4f0ae0ce8663159718e4198a08,"18:28 23 Apr 2018",,
183,79559cd5f813e7219e44fcc980477e26,"19:52 23 Apr 2018",,
184,7de279da8c81d24f6cdc5cec5a23232e,"21:58 23 Apr 2018",,
185,7de279da8c81d24f6cdc5cec5a23232e,"22:06 23 Apr 2018",,
186,4e5ef25b959438a2479130f063346c34,"0:22 24 Apr 2018",,
187,1b42d40ee1e6aa287253ddf9bc5ce31f,"0:22 24 Apr 2018",,
188,4e5ef25b959438a2479130f063346c34,"0:24 24 Apr 2018",,
189,1b42d40ee1e6aa287253ddf9bc5ce31f,"0:24 24 Apr 2018",,
190,c0b6791c297c8850e2051f32e27c23d4,"0:28 24 Apr 2018",,
191,bb275868ec4343b72da9b0719b57743f,"3:30 24 Apr 2018",,
192,bb275868ec4343b72da9b0719b57743f,"3:32 24 Apr 2018",,
193,bb275868ec4343b72da9b0719b57743f,"3:33 24 Apr 2018",,
194,e24125f081cf205aebb6dd76951c3cf7,"8:49 24 Apr 2018",,
195,e24125f081cf205aebb6dd76951c3cf7,"8:49 24 Apr 2018",,
196,e24125f081cf205aebb6dd76951c3cf7,"8:50 24 Apr 2018",,
197,e24125f081cf205aebb6dd76951c3cf7,"8:57 24 Apr 2018",,
198,b79d8ff5986e38440ab5cc6c25b09eba,"9:04 24 Apr 2018",,
199,b79d8ff5986e38440ab5cc6c25b09eba,"9:06 24 Apr 2018",,
200,b79d8ff5986e38440ab5cc6c25b09eba,"9:12 24 Apr 2018",,
201,b79d8ff5986e38440ab5cc6c25b09eba,"9:13 24 Apr 2018",,
202,b79d8ff5986e38440ab5cc6c25b09eba,"9:31 24 Apr 2018",,
203,b79d8ff5986e38440ab5cc6c25b09eba,"10:01 24 Apr 2018",,
204,b79d8ff5986e38440ab5cc6c25b09eba,"10:02 24 Apr 2018",,
205,6f1ae29cd040fc6e7432fef38f869ec7,"10:14 24 Apr 2018",,
206,bcf26990aef7ed2f95bceb7c5ebd49b4,"10:20 24 Apr 2018",,
207,bcf26990aef7ed2f95bceb7c5ebd49b4,"10:37 24 Apr 2018",,
208,bcf26990aef7ed2f95bceb7c5ebd49b4,"10:41 24 Apr 2018",,
209,bcf26990aef7ed2f95bceb7c5ebd49b4,"10:41 24 Apr 2018",,
210,8bfcfe5f7cd08273043453607792f83c,"10:43 24 Apr 2018",,
211,8bfcfe5f7cd08273043453607792f83c,"10:43 24 Apr 2018",,
212,5a61f8eb7a17abd6947a8ff1e224f559,"10:44 24 Apr 2018",,
213,d39f7a281c4d59114c95e89914488d9e,"11:35 24 Apr 2018",,
214,a1a5e5ae4049cf356ee3edff5946e3fb,"12:35 24 Apr 2018",,
215,a1a5e5ae4049cf356ee3edff5946e3fb,"12:40 24 Apr 2018",,
216,a1a5e5ae4049cf356ee3edff5946e3fb,"12:53 24 Apr 2018",,
217,2f7d4172c98e14504f37635a6f289176,"13:01 24 Apr 2018",,
218,2f9caa279f8b2f4a2d7629f1d55e080a,"13:05 24 Apr 2018",,
219,30afe271b5a3eedb24cf18fbbd27e55c,"13:18 24 Apr 2018",,
220,30afe271b5a3eedb24cf18fbbd27e55c,"13:19 24 Apr 2018",,
222,30afe271b5a3eedb24cf18fbbd27e55c,"13:21 24 Apr 2018",,
223,30afe271b5a3eedb24cf18fbbd27e55c,"13:22 24 Apr 2018",,
225,3cac40ce4875d335f8d701062327c9ee,"14:09 24 Apr 2018",,
226,3cac40ce4875d335f8d701062327c9ee,"14:10 24 Apr 2018",,
227,81440d14ed5e2a76baf9066b3fa784df,"14:46 24 Apr 2018",,
228,11d0c7a7d4b3b76de6e9deb8521beb59,"15:41 24 Apr 2018",,
229,d15bbfea1c146980f9d9be33a91156b8,"16:02 24 Apr 2018",,
230,d771555176f1d898b23919132cd9e507,"16:34 24 Apr 2018",,
231,950c8148b4c7703590bbe92d54ca1ef7,"17:12 24 Apr 2018",,
232,2f7d4172c98e14504f37635a6f289176,"18:58 24 Apr 2018",,
233,2f7d4172c98e14504f37635a6f289176,"18:59 24 Apr 2018",,
236,2f7d4172c98e14504f37635a6f289176,"19:01 24 Apr 2018",,
237,733a6231ba8e5af15ed0885fe6969260,"19:19 24 Apr 2018",,
238,733a6231ba8e5af15ed0885fe6969260,"19:22 24 Apr 2018",,
239,48480e93940b569ea10d959efdc43930,"21:37 24 Apr 2018",,
240,48480e93940b569ea10d959efdc43930,"21:39 24 Apr 2018",,
241,48480e93940b569ea10d959efdc43930,"21:40 24 Apr 2018",,
242,c0b6791c297c8850e2051f32e27c23d4,"22:13 24 Apr 2018",,
243,dcd45c14306831e754325813f9e64257,"22:47 24 Apr 2018",,
244,dcd45c14306831e754325813f9e64257,"22:49 24 Apr 2018",,
245,dcd45c14306831e754325813f9e64257,"22:49 24 Apr 2018",,
246,dcd45c14306831e754325813f9e64257,"22:49 24 Apr 2018",,
247,950c8148b4c7703590bbe92d54ca1ef7,"23:10 24 Apr 2018",,
248,950c8148b4c7703590bbe92d54ca1ef7,"23:10 24 Apr 2018",,
249,b301c24c0d1b18ae44d2c892a6e1cd10,"23:35 24 Apr 2018",,
250,c0b6791c297c8850e2051f32e27c23d4,"23:58 24 Apr 2018",,
251,158e7c011669ac02bff0180fe67e4e28,"0:40 25 Apr 2018",,
252,158e7c011669ac02bff0180fe67e4e28,"0:41 25 Apr 2018",,
253,950c8148b4c7703590bbe92d54ca1ef7,"4:13 25 Apr 2018",,
254,950c8148b4c7703590bbe92d54ca1ef7,"8:13 25 Apr 2018",,
255,70ba24b841c66eafb918f9912c62209b,"8:49 25 Apr 2018",,
256,3cac40ce4875d335f8d701062327c9ee,"8:50 25 Apr 2018",,
257,3cac40ce4875d335f8d701062327c9ee,"8:52 25 Apr 2018",,
258,9b6d8b82f115283463e74db813f27c84,"8:54 25 Apr 2018",,
259,9b6d8b82f115283463e74db813f27c84,"8:55 25 Apr 2018",,
260,9b6d8b82f115283463e74db813f27c84,"8:55 25 Apr 2018",,
261,3cac40ce4875d335f8d701062327c9ee,"8:56 25 Apr 2018",,
262,12b5295995afe310d3b00091209f0692,"9:15 25 Apr 2018",,
263,12b5295995afe310d3b00091209f0692,"9:19 25 Apr 2018",,
264,950c8148b4c7703590bbe92d54ca1ef7,"10:32 25 Apr 2018",,
265,ca87d5b32934d124f46ab844076be2b9,"11:03 25 Apr 2018",,
266,950c8148b4c7703590bbe92d54ca1ef7,"11:23 25 Apr 2018",,
267,60838504d0dcdab808da33f453c5ad83,"12:09 25 Apr 2018",,
268,60838504d0dcdab808da33f453c5ad83,"12:13 25 Apr 2018",,
269,3cac40ce4875d335f8d701062327c9ee,"12:25 25 Apr 2018",,
270,b79d8ff5986e38440ab5cc6c25b09eba,"12:33 25 Apr 2018",,
271,b79d8ff5986e38440ab5cc6c25b09eba,"12:34 25 Apr 2018",,
272,b79d8ff5986e38440ab5cc6c25b09eba,"12:36 25 Apr 2018",,
273,b79d8ff5986e38440ab5cc6c25b09eba,"12:45 25 Apr 2018",,
274,7a847006c7d0e4cb0d7d6b6fb8e888ac,"12:46 25 Apr 2018",,
275,e1f37c2e7f3044a84cb43220e268d22c,"12:51 25 Apr 2018",,
276,e1f37c2e7f3044a84cb43220e268d22c,"12:53 25 Apr 2018",,
277,dae0906542c2109638d3f2341b027bcb,"12:54 25 Apr 2018",,
278,240b1dcfaeece297ab8763115739f310,"13:13 25 Apr 2018",,
279,17609687884e24893f4902d8af2a41e2,"13:52 25 Apr 2018",,
280,dae0906542c2109638d3f2341b027bcb,"14:22 25 Apr 2018",,
281,c3a042c666a0ebc19ab6f4a19e590380,"15:50 25 Apr 2018",,
282,30d1c59b35e8556b5b3b3b673fca9754,"15:51 25 Apr 2018",,
283,731d4423fc933d11ca64cb6d73824eab,"16:19 25 Apr 2018",,
284,731d4423fc933d11ca64cb6d73824eab,"16:23 25 Apr 2018",,
285,950c8148b4c7703590bbe92d54ca1ef7,"16:51 25 Apr 2018",,
286,950c8148b4c7703590bbe92d54ca1ef7,"19:00 25 Apr 2018",,
287,0ba3b401737934b2038a8d7e7120cb81,"19:40 25 Apr 2018",,
288,0ba3b401737934b2038a8d7e7120cb81,"19:41 25 Apr 2018",,
289,0ba3b401737934b2038a8d7e7120cb81,"19:41 25 Apr 2018",,
290,0ba3b401737934b2038a8d7e7120cb81,"19:42 25 Apr 2018",,
291,0ba3b401737934b2038a8d7e7120cb81,"19:43 25 Apr 2018",,
292,0ba3b401737934b2038a8d7e7120cb81,"19:43 25 Apr 2018",,
293,950c8148b4c7703590bbe92d54ca1ef7,"21:58 25 Apr 2018",,
294,812ec4f4cb0b74bfa60b21db6638cde4,"22:30 25 Apr 2018",,
295,812ec4f4cb0b74bfa60b21db6638cde4,"22:34 25 Apr 2018",,
296,812ec4f4cb0b74bfa60b21db6638cde4,"22:35 25 Apr 2018",,
297,812ec4f4cb0b74bfa60b21db6638cde4,"22:47 25 Apr 2018",,
298,85f72363183344ababa688fe2e08c024,"23:02 25 Apr 2018",,
299,ca27a45f46fa20c0add3286b39552c95,"23:23 25 Apr 2018",,
300,ca27a45f46fa20c0add3286b39552c95,"23:28 25 Apr 2018",,
301,950c8148b4c7703590bbe92d54ca1ef7,"23:34 25 Apr 2018",,
302,f3543688ccd23cd79e3f956a5c0e6eea,"5:52 26 Apr 2018",,
303,0ba3b401737934b2038a8d7e7120cb81,"7:22 26 Apr 2018",,
304,56583d860e7a57e8d464eaa7411c122f,"8:37 26 Apr 2018",,
305,ad96731f88f951768dae34e6f7fce2a1,"8:59 26 Apr 2018",,
306,ad96731f88f951768dae34e6f7fce2a1,"9:00 26 Apr 2018",,
307,d15bbfea1c146980f9d9be33a91156b8,"9:34 26 Apr 2018",,
308,82bf895551112065061c0e796503995f,"10:19 26 Apr 2018",,
309,82bf895551112065061c0e796503995f,"10:20 26 Apr 2018",,
310,82bf895551112065061c0e796503995f,"10:21 26 Apr 2018",,
311,82bf895551112065061c0e796503995f,"10:23 26 Apr 2018",,
312,82bf895551112065061c0e796503995f,"10:30 26 Apr 2018",,
313,e46f7e1dec965dbf2c95b7aaf6f52a2b,"10:51 26 Apr 2018",,
314,2a9b0576b808c8f9bd0c842a0f65ce2e,"10:58 26 Apr 2018",,
315,2a9b0576b808c8f9bd0c842a0f65ce2e,"11:01 26 Apr 2018",,
316,81440d14ed5e2a76baf9066b3fa784df,"11:31 26 Apr 2018",,
317,3cac40ce4875d335f8d701062327c9ee,"12:02 26 Apr 2018",,
318,3cac40ce4875d335f8d701062327c9ee,"12:06 26 Apr 2018",,
319,91ad2ad4ed0d0ab51e9435e5016db63c,"12:17 26 Apr 2018",,
320,91ad2ad4ed0d0ab51e9435e5016db63c,"12:18 26 Apr 2018",,
321,91ad2ad4ed0d0ab51e9435e5016db63c,"12:20 26 Apr 2018",,
322,85f72363183344ababa688fe2e08c024,"13:36 26 Apr 2018",,
323,85f72363183344ababa688fe2e08c024,"13:40 26 Apr 2018",,
324,f6b09575377adcbe889e5eb219ad9b37,"14:47 26 Apr 2018",,
325,ab920a7925a2dd9771f236412cd7babc,"17:56 26 Apr 2018",,
326,950c8148b4c7703590bbe92d54ca1ef7,"19:47 26 Apr 2018",,
327,950c8148b4c7703590bbe92d54ca1ef7,"21:06 26 Apr 2018",,
328,950c8148b4c7703590bbe92d54ca1ef7,"22:18 26 Apr 2018",,
330,9f61a6fa0ad74f729df015d2b0456694,"0:07 27 Apr 2018",,
331,9f61a6fa0ad74f729df015d2b0456694,"0:35 27 Apr 2018",,
332,3a00c602c460ce5725fc7dcd067a3359,"2:31 27 Apr 2018",,
333,bfd6644562764c20daf5d63fc6b0b44c,"4:06 27 Apr 2018",,
334,9e9891d5a11af9b2e6e978fad8f6117e,"7:42 27 Apr 2018",,
335,950c8148b4c7703590bbe92d54ca1ef7,"8:02 27 Apr 2018",,
336,9e9891d5a11af9b2e6e978fad8f6117e,"8:33 27 Apr 2018",,
337,950c8148b4c7703590bbe92d54ca1ef7,"8:37 27 Apr 2018",,
339,3cac40ce4875d335f8d701062327c9ee,"10:26 27 Apr 2018",,
341,3cac40ce4875d335f8d701062327c9ee,"10:27 27 Apr 2018",,
342,b64e596b520e86f1bd89e9f1536b6544,"10:31 27 Apr 2018",,
343,b64e596b520e86f1bd89e9f1536b6544,"10:42 27 Apr 2018",,
344,b64e596b520e86f1bd89e9f1536b6544,"10:43 27 Apr 2018",,
345,723922af0210b24b3557dd905c8df89a,"11:14 27 Apr 2018",,
346,3f1c57c5ff205ca676cfd32a51c901b3,"11:59 27 Apr 2018",,
347,3f1c57c5ff205ca676cfd32a51c901b3,"12:00 27 Apr 2018",,
348,3f1c57c5ff205ca676cfd32a51c901b3,"12:04 27 Apr 2018",,
349,5d7ebca4616338ec94b0c0e29547684d,"12:45 27 Apr 2018",,
350,5d7ebca4616338ec94b0c0e29547684d,"12:46 27 Apr 2018",,
351,e46f7e1dec965dbf2c95b7aaf6f52a2b,"13:28 27 Apr 2018",,
352,79caee65de0ff4ff5f19cdbf619f5ea5,"15:12 27 Apr 2018",,
353,79caee65de0ff4ff5f19cdbf619f5ea5,"15:12 27 Apr 2018",,
354,b58ab58889013c368cb34150b7e6dbc2,"15:42 27 Apr 2018",,
355,d9a56971489584b61d425eca1d57d45a,"16:07 27 Apr 2018",,
356,9426c5ab1bf5a878d4ae662acf9e5fb6,"18:23 27 Apr 2018",,
357,a679fcc66ec2dfc3884279817580dda8,"19:32 27 Apr 2018",,
358,bfd6644562764c20daf5d63fc6b0b44c,"19:33 27 Apr 2018",,
359,bfd6644562764c20daf5d63fc6b0b44c,"19:34 27 Apr 2018",,
360,a679fcc66ec2dfc3884279817580dda8,"19:37 27 Apr 2018",,
361,a679fcc66ec2dfc3884279817580dda8,"19:40 27 Apr 2018",,
362,950c8148b4c7703590bbe92d54ca1ef7,"20:04 27 Apr 2018",,
363,950c8148b4c7703590bbe92d54ca1ef7,"20:12 27 Apr 2018",,
364,2d5bc311c9ba692f182fdc2f6f144644,"22:09 27 Apr 2018",,
365,2d5bc311c9ba692f182fdc2f6f144644,"22:11 27 Apr 2018",,
366,2d5bc311c9ba692f182fdc2f6f144644,"22:11 27 Apr 2018",,
367,2d5bc311c9ba692f182fdc2f6f144644,"22:14 27 Apr 2018",,
369,1762d8d86bd6d9be0544f7eee8c20f3e,"6:23 28 Apr 2018",,
370,ab920a7925a2dd9771f236412cd7babc,"7:07 28 Apr 2018",,
371,ab920a7925a2dd9771f236412cd7babc,"7:07 28 Apr 2018",,
372,1762d8d86bd6d9be0544f7eee8c20f3e,"7:18 28 Apr 2018",,
373,950c8148b4c7703590bbe92d54ca1ef7,"7:29 28 Apr 2018",,
374,950c8148b4c7703590bbe92d54ca1ef7,"7:29 28 Apr 2018",,
375,2428750e0791c36a4206d7696c49a191,"9:02 28 Apr 2018",,
376,950c8148b4c7703590bbe92d54ca1ef7,"9:25 28 Apr 2018",,
377,8182f75b621eaf67e853a4f6ba052663,"11:12 28 Apr 2018",,
378,2e749aa5e4f077500946db37889498ea,"11:27 28 Apr 2018",,
379,2d8f0b24408d5cee404c2e270dd282ca,"11:28 28 Apr 2018",,
380,e91d0fb67b18571d5eab2b2d3bd01d43,"11:41 28 Apr 2018",,
381,950c8148b4c7703590bbe92d54ca1ef7,"11:42 28 Apr 2018",,
382,e91d0fb67b18571d5eab2b2d3bd01d43,"11:43 28 Apr 2018",,
383,e91d0fb67b18571d5eab2b2d3bd01d43,"11:46 28 Apr 2018",,
384,e91d0fb67b18571d5eab2b2d3bd01d43,"11:50 28 Apr 2018",,
385,e91d0fb67b18571d5eab2b2d3bd01d43,"11:50 28 Apr 2018",,
386,e91d0fb67b18571d5eab2b2d3bd01d43,"11:50 28 Apr 2018",,
388,b2f1e343286e3f0191cf879d594f8b7d,"11:56 28 Apr 2018",,
389,b2f1e343286e3f0191cf879d594f8b7d,"12:13 28 Apr 2018",,
390,950c8148b4c7703590bbe92d54ca1ef7,"12:30 28 Apr 2018",,
391,950c8148b4c7703590bbe92d54ca1ef7,"12:33 28 Apr 2018",,
392,950c8148b4c7703590bbe92d54ca1ef7,"14:51 28 Apr 2018",,
393,950c8148b4c7703590bbe92d54ca1ef7,"15:51 28 Apr 2018",,
394,950c8148b4c7703590bbe92d54ca1ef7,"16:04 28 Apr 2018",,
395,f9ceb947cb6b2faa5a9de85a4d83d81b,"17:27 28 Apr 2018",,
396,f9ceb947cb6b2faa5a9de85a4d83d81b,"17:31 28 Apr 2018",,
397,950c8148b4c7703590bbe92d54ca1ef7,"17:56 28 Apr 2018",,
398,950c8148b4c7703590bbe92d54ca1ef7,"19:18 28 Apr 2018",,
399,950c8148b4c7703590bbe92d54ca1ef7,"19:48 28 Apr 2018",,
400,950c8148b4c7703590bbe92d54ca1ef7,"19:48 28 Apr 2018",,
401,950c8148b4c7703590bbe92d54ca1ef7,"19:48 28 Apr 2018",,
402,950c8148b4c7703590bbe92d54ca1ef7,"19:48 28 Apr 2018",,
403,950c8148b4c7703590bbe92d54ca1ef7,"19:55 28 Apr 2018",,
404,950c8148b4c7703590bbe92d54ca1ef7,"20:01 28 Apr 2018",,
405,950c8148b4c7703590bbe92d54ca1ef7,"20:12 28 Apr 2018",,
406,8e7a91b7fe0e4a14e2d96e76e549419e,"20:57 28 Apr 2018",,
407,950c8148b4c7703590bbe92d54ca1ef7,"21:25 28 Apr 2018",,
408,ed7faefb4e793e3429bd97d720bb2b0c,"21:48 28 Apr 2018",,
410,ed7faefb4e793e3429bd97d720bb2b0c,"21:50 28 Apr 2018",,
411,950c8148b4c7703590bbe92d54ca1ef7,"22:52 28 Apr 2018",,
412,b2f1e343286e3f0191cf879d594f8b7d,"0:36 29 Apr 2018",,
413,c0b6791c297c8850e2051f32e27c23d4,"2:59 29 Apr 2018",,
414,950c8148b4c7703590bbe92d54ca1ef7,"5:47 29 Apr 2018",,
415,950c8148b4c7703590bbe92d54ca1ef7,"6:42 29 Apr 2018",,
416,950c8148b4c7703590bbe92d54ca1ef7,"6:49 29 Apr 2018",,
417,950c8148b4c7703590bbe92d54ca1ef7,"6:51 29 Apr 2018",,
418,950c8148b4c7703590bbe92d54ca1ef7,"8:20 29 Apr 2018",,
419,79963969f3f31d65d414bfa097124b5f,"8:45 29 Apr 2018",,
420,79963969f3f31d65d414bfa097124b5f,"8:48 29 Apr 2018",,
421,e4225d6fd5f511c413a9415f8e081e59,"11:05 29 Apr 2018",,
422,e4225d6fd5f511c413a9415f8e081e59,"11:07 29 Apr 2018",,
423,950c8148b4c7703590bbe92d54ca1ef7,"11:32 29 Apr 2018",,
424,e131f58412ddf4dd5dd1285958e879d2,"11:45 29 Apr 2018",,
425,950c8148b4c7703590bbe92d54ca1ef7,"17:33 29 Apr 2018",,
426,950c8148b4c7703590bbe92d54ca1ef7,"18:34 29 Apr 2018",,
427,9bfb05185ae71f632b9259e487d3e0d5,"19:49 29 Apr 2018",,
428,9bfb05185ae71f632b9259e487d3e0d5,"19:51 29 Apr 2018",,
429,6dd3b5e3fabd902c6f1cd97bd0d769e5,"20:52 29 Apr 2018",,
430,6dd3b5e3fabd902c6f1cd97bd0d769e5,"20:58 29 Apr 2018",,
431,6dd3b5e3fabd902c6f1cd97bd0d769e5,"21:02 29 Apr 2018",,
432,6dd3b5e3fabd902c6f1cd97bd0d769e5,"21:02 29 Apr 2018",,
433,950c8148b4c7703590bbe92d54ca1ef7,"23:58 29 Apr 2018",,
434,75f8c1273c9369c253a065b3865f18f3,"0:02 30 Apr 2018",,
435,57a17350bbccc0b212b3c336caac12bb,"0:52 30 Apr 2018",,
436,57a17350bbccc0b212b3c336caac12bb,"0:56 30 Apr 2018",,
437,9aec7962591404644cdd8cc88ec6e459,"1:36 30 Apr 2018",,
438,9aec7962591404644cdd8cc88ec6e459,"1:37 30 Apr 2018",,
439,e8f6cdb6a553eaf440eeb9c37047991d,"1:41 30 Apr 2018",,
440,6d96d78bce958615e727152f995bd041,"1:52 30 Apr 2018",,
441,e8f6cdb6a553eaf440eeb9c37047991d,"1:57 30 Apr 2018",,
443,e8f6cdb6a553eaf440eeb9c37047991d,"2:01 30 Apr 2018",,
444,7296d519abcf63c5137a1391e2296e85,"2:37 30 Apr 2018",,
445,7296d519abcf63c5137a1391e2296e85,"2:38 30 Apr 2018",,
446,6f1ae29cd040fc6e7432fef38f869ec7,"3:11 30 Apr 2018",,
447,9bfb05185ae71f632b9259e487d3e0d5,"6:26 30 Apr 2018",,
448,2d6def5f06dda0ed710ff4b2d3ad2770,"8:16 30 Apr 2018",,
449,5d7ebca4616338ec94b0c0e29547684d,"8:33 30 Apr 2018",,
450,eaaf7ddd189a261280320805f2f7c2c8,"8:53 30 Apr 2018",,
451,7fda49be0e4ed3dee67be88f1ae27f73,"9:00 30 Apr 2018",,
452,7fda49be0e4ed3dee67be88f1ae27f73,"9:02 30 Apr 2018",,
453,7fda49be0e4ed3dee67be88f1ae27f73,"9:02 30 Apr 2018",,
454,7fda49be0e4ed3dee67be88f1ae27f73,"9:03 30 Apr 2018",,
455,950c8148b4c7703590bbe92d54ca1ef7,"9:03 30 Apr 2018",,
456,7fda49be0e4ed3dee67be88f1ae27f73,"9:03 30 Apr 2018",,
457,7fda49be0e4ed3dee67be88f1ae27f73,"9:03 30 Apr 2018",,
458,7fda49be0e4ed3dee67be88f1ae27f73,"9:03 30 Apr 2018",,
459,7fda49be0e4ed3dee67be88f1ae27f73,"9:05 30 Apr 2018",,
460,7fda49be0e4ed3dee67be88f1ae27f73,"9:12 30 Apr 2018",,
461,abc7f36f0ac5298b781ac0c41c9a6fa7,"9:58 30 Apr 2018",,
462,abc7f36f0ac5298b781ac0c41c9a6fa7,"10:04 30 Apr 2018",,
463,abc7f36f0ac5298b781ac0c41c9a6fa7,"10:10 30 Apr 2018",,
464,67269310dd312ccc0ba8822475338391,"10:13 30 Apr 2018",,
465,950c8148b4c7703590bbe92d54ca1ef7,"10:55 30 Apr 2018",,
467,3cac40ce4875d335f8d701062327c9ee,"11:21 30 Apr 2018",,
469,3cac40ce4875d335f8d701062327c9ee,"11:22 30 Apr 2018",,
470,950c8148b4c7703590bbe92d54ca1ef7,"11:44 30 Apr 2018",,
471,950c8148b4c7703590bbe92d54ca1ef7,"11:44 30 Apr 2018",,
472,3cac40ce4875d335f8d701062327c9ee,"12:17 30 Apr 2018",,
473,f3abe9d7049d18069274d7808aecbfe1,"12:21 30 Apr 2018",,
474,950c8148b4c7703590bbe92d54ca1ef7,"12:28 30 Apr 2018",,
477,3cac40ce4875d335f8d701062327c9ee,"12:46 30 Apr 2018",,
478,3cac40ce4875d335f8d701062327c9ee,"12:47 30 Apr 2018",,
479,f3abe9d7049d18069274d7808aecbfe1,"13:50 30 Apr 2018",,
480,e76057eacc33ff0c5fd71415a4ff7847,"13:52 30 Apr 2018",,
481,f3abe9d7049d18069274d7808aecbfe1,"13:54 30 Apr 2018",,
483,703459d5a6b9ac1882cedb227f766e51,"14:05 30 Apr 2018",,
484,dbc63369d27ee41a9254ab59a74ddf02,"14:14 30 Apr 2018",,
485,703459d5a6b9ac1882cedb227f766e51,"14:21 30 Apr 2018",,
486,3cac40ce4875d335f8d701062327c9ee,"14:28 30 Apr 2018",,
487,703459d5a6b9ac1882cedb227f766e51,"14:31 30 Apr 2018",,
488,e573d79fbd3e980e5ea43dc3c40c3e4a,"14:31 30 Apr 2018",,
489,e573d79fbd3e980e5ea43dc3c40c3e4a,"14:42 30 Apr 2018",,
490,fde17a668cef5b7cd51cab1cc95fdc57,"15:37 30 Apr 2018",,
491,2f7d4172c98e14504f37635a6f289176,"15:48 30 Apr 2018",,
492,38efe042d71f8e3073c3d36826562b35,"15:56 30 Apr 2018",,
494,d975cbfe8133f1d3b4e7435b32fe349a,"16:14 30 Apr 2018",,
495,950c8148b4c7703590bbe92d54ca1ef7,"16:15 30 Apr 2018",,
496,950c8148b4c7703590bbe92d54ca1ef7,"16:16 30 Apr 2018",,
497,d975cbfe8133f1d3b4e7435b32fe349a,"16:17 30 Apr 2018",,
499,75cdb940413079b3da0a17ca67876792,"16:22 30 Apr 2018",,
502,2d8f0b24408d5cee404c2e270dd282ca,"16:24 30 Apr 2018",,
503,2d8f0b24408d5cee404c2e270dd282ca,"16:25 30 Apr 2018",,
504,38efe042d71f8e3073c3d36826562b35,"16:27 30 Apr 2018",,
505,75cdb940413079b3da0a17ca67876792,"16:33 30 Apr 2018",,
506,75cdb940413079b3da0a17ca67876792,"16:33 30 Apr 2018",,
507,75cdb940413079b3da0a17ca67876792,"16:33 30 Apr 2018",,
508,75cdb940413079b3da0a17ca67876792,"16:34 30 Apr 2018",,
509,75cdb940413079b3da0a17ca67876792,"16:36 30 Apr 2018",,
510,950c8148b4c7703590bbe92d54ca1ef7,"17:37 30 Apr 2018",,
511,950c8148b4c7703590bbe92d54ca1ef7,"18:36 30 Apr 2018",,
512,ab920a7925a2dd9771f236412cd7babc,"19:26 30 Apr 2018",,
513,950c8148b4c7703590bbe92d54ca1ef7,"20:31 30 Apr 2018",,
514,950c8148b4c7703590bbe92d54ca1ef7,"22:13 30 Apr 2018",,
515,950c8148b4c7703590bbe92d54ca1ef7,"22:23 30 Apr 2018",,
516,bc3e020a4a2673c05eede3450d40af3d,"22:30 30 Apr 2018",,
517,bc3e020a4a2673c05eede3450d40af3d,"22:34 30 Apr 2018",,
518,bc3e020a4a2673c05eede3450d40af3d,"22:57 30 Apr 2018",,
519,bc3e020a4a2673c05eede3450d40af3d,"22:57 30 Apr 2018",,
520,bc3e020a4a2673c05eede3450d40af3d,"23:10 30 Apr 2018",,
521,bc3e020a4a2673c05eede3450d40af3d,"23:27 30 Apr 2018",,
522,bc3e020a4a2673c05eede3450d40af3d,"23:40 30 Apr 2018",,
523,75cdb940413079b3da0a17ca67876792,"0:29 1 May 2018",,
524,75cdb940413079b3da0a17ca67876792,"0:29 1 May 2018",,
525,97f2241facdfb07e22651535caceca34,"8:36 1 May 2018",,
526,97f2241facdfb07e22651535caceca34,"8:37 1 May 2018",,
527,c926acf1125441bb070049f093468357,"8:51 1 May 2018",,
528,950c8148b4c7703590bbe92d54ca1ef7,"9:33 1 May 2018",,
529,950c8148b4c7703590bbe92d54ca1ef7,"11:35 1 May 2018",,
530,f44942350a1a59285520eb920deff9a8,"11:41 1 May 2018",,
531,65b396e8b250bc8497a26e24540fd3d3,"13:01 1 May 2018",,
532,950c8148b4c7703590bbe92d54ca1ef7,"13:02 1 May 2018",,
533,950c8148b4c7703590bbe92d54ca1ef7,"18:54 1 May 2018",,
534,950c8148b4c7703590bbe92d54ca1ef7,"19:23 1 May 2018",,
535,bc3e020a4a2673c05eede3450d40af3d,"19:49 1 May 2018",,
536,cd47f9491a4eb6a4e049ae4a9eceee4d,"20:05 1 May 2018",,
537,cd47f9491a4eb6a4e049ae4a9eceee4d,"20:08 1 May 2018",,
538,c04936955a1deba9b1830d421319cc3f,"21:14 1 May 2018",,
539,c04936955a1deba9b1830d421319cc3f,"21:15 1 May 2018",,
540,97f2241facdfb07e22651535caceca34,"8:32 2 May 2018",,
541,950c8148b4c7703590bbe92d54ca1ef7,"8:56 2 May 2018",,
542,950c8148b4c7703590bbe92d54ca1ef7,"9:15 2 May 2018",,
543,7f57b95349993d01a3d6f9e84f99ce44,"9:24 2 May 2018",,
544,7f57b95349993d01a3d6f9e84f99ce44,"9:27 2 May 2018",,
545,e7cc93cd14c7b34662b4b15973334538,"10:17 2 May 2018",,
546,e7cc93cd14c7b34662b4b15973334538,"10:18 2 May 2018",,
547,e7cc93cd14c7b34662b4b15973334538,"10:18 2 May 2018",,
548,eaaf7ddd189a261280320805f2f7c2c8,"10:32 2 May 2018",,
549,e7cc93cd14c7b34662b4b15973334538,"11:10 2 May 2018",,
550,e7cc93cd14c7b34662b4b15973334538,"11:13 2 May 2018",,
551,7672ee94ef77ff969d982044ccb7ef83,"11:52 2 May 2018",,
552,4dd0468dea41745d75e1fc990ad68896,"15:45 2 May 2018",,
553,3cac40ce4875d335f8d701062327c9ee,"16:25 2 May 2018",,
554,3cac40ce4875d335f8d701062327c9ee,"16:25 2 May 2018",,
555,7cd435ccf2f9dad7b258ddc4fd30905d,"16:44 2 May 2018",,
556,fcd3bb897166bf2d2192f28a14129458,"17:10 2 May 2018",,
557,fcd3bb897166bf2d2192f28a14129458,"17:14 2 May 2018",,
558,f47834dcc68745b8e531efd39675b717,"18:23 2 May 2018",,
559,b64e596b520e86f1bd89e9f1536b6544,"18:25 2 May 2018",,
560,b64e596b520e86f1bd89e9f1536b6544,"18:25 2 May 2018",,
561,950c8148b4c7703590bbe92d54ca1ef7,"18:34 2 May 2018",,
562,375ddeed1d2fbcfeda15d6f6dc53237c,"19:05 2 May 2018",,
563,375ddeed1d2fbcfeda15d6f6dc53237c,"19:06 2 May 2018",,
564,375ddeed1d2fbcfeda15d6f6dc53237c,"19:08 2 May 2018",,
565,950c8148b4c7703590bbe92d54ca1ef7,"22:02 2 May 2018",,
566,bc3e020a4a2673c05eede3450d40af3d,"0:19 3 May 2018",,
567,fd6631ca09b0d31de9bdc40fb915bead,"6:55 3 May 2018",,
568,38de8bf582ebeaa56dfc8567d66e413e,"8:07 3 May 2018",,
569,1fab6a6034096cf2d1beb5606a9baa23,"9:08 3 May 2018",,
570,1f6d9fa1eaed485a306e921e7d3412ce,"9:37 3 May 2018",,
571,1f6d9fa1eaed485a306e921e7d3412ce,"9:40 3 May 2018",,
572,7c3fb05b44f1c29aecadaddc29d0ec27,"10:32 3 May 2018",,
573,7c3fb05b44f1c29aecadaddc29d0ec27,"10:33 3 May 2018",,
576,7c3fb05b44f1c29aecadaddc29d0ec27,"10:37 3 May 2018",,
577,7c3fb05b44f1c29aecadaddc29d0ec27,"10:41 3 May 2018",,
578,7c3fb05b44f1c29aecadaddc29d0ec27,"10:42 3 May 2018",,
579,9b8c08445d7b223a57492fc03990eda6,"11:27 3 May 2018",,
580,9b8c08445d7b223a57492fc03990eda6,"11:41 3 May 2018",,
581,9b8c08445d7b223a57492fc03990eda6,"11:42 3 May 2018",,
582,9b8c08445d7b223a57492fc03990eda6,"11:44 3 May 2018",,
583,2d3e928578701e28ef7ede72ed764261,"12:27 3 May 2018",,
584,2d3e928578701e28ef7ede72ed764261,"12:29 3 May 2018",,
585,abb237b06761f102666fdfbee6cde085,"16:44 3 May 2018",,
586,abb237b06761f102666fdfbee6cde085,"16:45 3 May 2018",,
587,abb237b06761f102666fdfbee6cde085,"16:46 3 May 2018",,
588,abb237b06761f102666fdfbee6cde085,"16:46 3 May 2018",,
589,abb237b06761f102666fdfbee6cde085,"16:55 3 May 2018",,
590,07aa74dde74366e70851fff3a4dce81d,"18:24 3 May 2018",,
591,07aa74dde74366e70851fff3a4dce81d,"18:30 3 May 2018",,
592,07aa74dde74366e70851fff3a4dce81d,"18:32 3 May 2018",,
593,07aa74dde74366e70851fff3a4dce81d,"18:32 3 May 2018",,
594,07aa74dde74366e70851fff3a4dce81d,"18:33 3 May 2018",,
595,c43f9b5fcdb5ab1b879baeff24cf8556,"19:13 3 May 2018",,
596,c43f9b5fcdb5ab1b879baeff24cf8556,"20:30 3 May 2018",,
597,c43f9b5fcdb5ab1b879baeff24cf8556,"20:51 3 May 2018",,
598,c43f9b5fcdb5ab1b879baeff24cf8556,"20:54 3 May 2018",,
599,c43f9b5fcdb5ab1b879baeff24cf8556,"20:58 3 May 2018",,
600,d79572f6fbc9f14ddbef09d33d62f244,"21:23 3 May 2018",,
601,d79572f6fbc9f14ddbef09d33d62f244,"21:26 3 May 2018",,
602,950c8148b4c7703590bbe92d54ca1ef7,"21:31 3 May 2018",,
603,d79572f6fbc9f14ddbef09d33d62f244,"21:32 3 May 2018",,
604,d79572f6fbc9f14ddbef09d33d62f244,"21:34 3 May 2018",,
605,950c8148b4c7703590bbe92d54ca1ef7,"21:34 3 May 2018",,
606,950c8148b4c7703590bbe92d54ca1ef7,"4:36 4 May 2018",,
607,950c8148b4c7703590bbe92d54ca1ef7,"6:21 4 May 2018",,
608,f3abe9d7049d18069274d7808aecbfe1,"8:04 4 May 2018",,
609,950c8148b4c7703590bbe92d54ca1ef7,"8:46 4 May 2018",,
610,b79d8ff5986e38440ab5cc6c25b09eba,"9:10 4 May 2018",,
612,b79d8ff5986e38440ab5cc6c25b09eba,"9:11 4 May 2018",,
613,950c8148b4c7703590bbe92d54ca1ef7,"9:13 4 May 2018",,
614,34a2819d6afb1cc8e7693e41e3504fdb,"9:54 4 May 2018",,
615,b79d8ff5986e38440ab5cc6c25b09eba,"10:31 4 May 2018",,
617,3cac40ce4875d335f8d701062327c9ee,"11:26 4 May 2018",,
619,3cac40ce4875d335f8d701062327c9ee,"11:28 4 May 2018",,
620,e32ac61c16d6170841cfd3d04e99a288,"13:05 4 May 2018",,
621,950c8148b4c7703590bbe92d54ca1ef7,"13:32 4 May 2018",,
622,950c8148b4c7703590bbe92d54ca1ef7,"15:20 4 May 2018",,
623,950c8148b4c7703590bbe92d54ca1ef7,"16:47 4 May 2018",,
624,c78faee0fd56b4aba9997fe3a021c732,"18:31 4 May 2018",,
625,950c8148b4c7703590bbe92d54ca1ef7,"19:02 4 May 2018",,
626,c78faee0fd56b4aba9997fe3a021c732,"19:05 4 May 2018",,
627,950c8148b4c7703590bbe92d54ca1ef7,"22:40 4 May 2018",,
628,950c8148b4c7703590bbe92d54ca1ef7,"9:38 5 May 2018",,
629,6c3fcc385cff4fe2162d46c6ee26a663,"11:33 5 May 2018",,
630,71248239f3a5a82b70b43d529d59eaf9,"14:57 5 May 2018",,
631,ab920a7925a2dd9771f236412cd7babc,"15:39 5 May 2018",,
632,26f816377ab9bffd0e574925db669301,"16:30 5 May 2018",,
633,b898399c53b520f39ec5a607e399b000,"20:22 5 May 2018",,
634,b898399c53b520f39ec5a607e399b000,"20:22 5 May 2018",,
635,b898399c53b520f39ec5a607e399b000,"20:23 5 May 2018",,
636,d0aaeabe34440f772cc05cfebb933d0a,"0:03 6 May 2018",,
637,d0aaeabe34440f772cc05cfebb933d0a,"0:03 6 May 2018",,
638,950c8148b4c7703590bbe92d54ca1ef7,"8:05 6 May 2018",,
639,a42ab036837a770441b4746f2020a81c,"14:46 6 May 2018",,
640,1c0991045b50e099d982ec321d8d577a,"20:01 6 May 2018",,
641,1c0991045b50e099d982ec321d8d577a,"20:03 6 May 2018",,
642,5068e6ab8ad2c45d8e4a5dceca596f6f,"0:53 7 May 2018",,
643,94fb54482a3f8033c044b68a62afa142,"5:50 7 May 2018",,
644,f3abe9d7049d18069274d7808aecbfe1,"9:23 7 May 2018",,
645,48cc7915177a39115e42af50183b7b41,"10:51 7 May 2018",,
646,703459d5a6b9ac1882cedb227f766e51,"10:59 7 May 2018",,
647,431dbc7d335b062967b14eb9478b215e,"12:35 7 May 2018",,
648,431dbc7d335b062967b14eb9478b215e,"12:36 7 May 2018",,
649,30afe271b5a3eedb24cf18fbbd27e55c,"14:22 7 May 2018",,
650,30afe271b5a3eedb24cf18fbbd27e55c,"14:25 7 May 2018",,
652,3cac40ce4875d335f8d701062327c9ee,"14:57 7 May 2018",,
653,3cac40ce4875d335f8d701062327c9ee,"14:58 7 May 2018",,
655,75cdb940413079b3da0a17ca67876792,"15:57 7 May 2018",,
656,950c8148b4c7703590bbe92d54ca1ef7,"16:45 7 May 2018",,
657,375ddeed1d2fbcfeda15d6f6dc53237c,"17:25 7 May 2018",,
658,375ddeed1d2fbcfeda15d6f6dc53237c,"17:31 7 May 2018",,
659,6d96d78bce958615e727152f995bd041,"20:23 7 May 2018",,
660,950c8148b4c7703590bbe92d54ca1ef7,"20:26 7 May 2018",,
661,950c8148b4c7703590bbe92d54ca1ef7,"20:26 7 May 2018",,
662,950c8148b4c7703590bbe92d54ca1ef7,"20:28 7 May 2018",,
663,950c8148b4c7703590bbe92d54ca1ef7,"20:28 7 May 2018",,
664,950c8148b4c7703590bbe92d54ca1ef7,"20:31 7 May 2018",,
665,950c8148b4c7703590bbe92d54ca1ef7,"21:36 7 May 2018",,
666,950c8148b4c7703590bbe92d54ca1ef7,"21:37 7 May 2018",,
667,950c8148b4c7703590bbe92d54ca1ef7,"22:16 7 May 2018",,
670,3cac40ce4875d335f8d701062327c9ee,"8:40 8 May 2018",,
671,3cac40ce4875d335f8d701062327c9ee,"8:44 8 May 2018",,
673,48cc7915177a39115e42af50183b7b41,"9:04 8 May 2018",,
674,950c8148b4c7703590bbe92d54ca1ef7,"9:12 8 May 2018",,
675,950c8148b4c7703590bbe92d54ca1ef7,"9:47 8 May 2018",,
676,950c8148b4c7703590bbe92d54ca1ef7,"9:47 8 May 2018",,
677,326183a59c442a86666097a5c8979009,"10:05 8 May 2018",,
680,326183a59c442a86666097a5c8979009,"10:06 8 May 2018",,
681,326183a59c442a86666097a5c8979009,"10:06 8 May 2018",,
682,326183a59c442a86666097a5c8979009,"10:06 8 May 2018",,
685,326183a59c442a86666097a5c8979009,"10:08 8 May 2018",,
686,3cac40ce4875d335f8d701062327c9ee,"10:09 8 May 2018",,
687,3cac40ce4875d335f8d701062327c9ee,"10:09 8 May 2018",,
688,3cac40ce4875d335f8d701062327c9ee,"10:12 8 May 2018",,
689,3cac40ce4875d335f8d701062327c9ee,"10:12 8 May 2018",,
690,950c8148b4c7703590bbe92d54ca1ef7,"13:55 8 May 2018",,
691,d975cbfe8133f1d3b4e7435b32fe349a,"16:13 8 May 2018",,
692,d975cbfe8133f1d3b4e7435b32fe349a,"16:14 8 May 2018",,
693,d975cbfe8133f1d3b4e7435b32fe349a,"16:15 8 May 2018",,
694,fb8f2140ea621422c3b8c7eb1e7461cb,"17:30 8 May 2018",,
696,fb8f2140ea621422c3b8c7eb1e7461cb,"17:30 8 May 2018",,
697,fb8f2140ea621422c3b8c7eb1e7461cb,"17:30 8 May 2018",,
698,fb8f2140ea621422c3b8c7eb1e7461cb,"17:31 8 May 2018",,
699,b5e96d6b6fcd9950bd17ceb4c40e2814,"17:31 8 May 2018",,
700,70670b4a9f06ff664975cc7425de6f37,"17:31 8 May 2018",,
701,b5e96d6b6fcd9950bd17ceb4c40e2814,"17:31 8 May 2018",,
702,fb8f2140ea621422c3b8c7eb1e7461cb,"17:31 8 May 2018",,
703,fb8f2140ea621422c3b8c7eb1e7461cb,"17:31 8 May 2018",,
706,30afe271b5a3eedb24cf18fbbd27e55c,"17:32 8 May 2018",,
707,752fd1e39971452cdd8a652436c33a07,"17:32 8 May 2018",,
708,b5e96d6b6fcd9950bd17ceb4c40e2814,"17:33 8 May 2018",,
709,70670b4a9f06ff664975cc7425de6f37,"17:33 8 May 2018",,
710,70670b4a9f06ff664975cc7425de6f37,"17:33 8 May 2018",,
711,752fd1e39971452cdd8a652436c33a07,"17:33 8 May 2018",,
712,70670b4a9f06ff664975cc7425de6f37,"17:33 8 May 2018",,
713,70670b4a9f06ff664975cc7425de6f37,"17:33 8 May 2018",,
714,70670b4a9f06ff664975cc7425de6f37,"17:34 8 May 2018",,
716,752fd1e39971452cdd8a652436c33a07,"17:35 8 May 2018",,
717,752fd1e39971452cdd8a652436c33a07,"17:36 8 May 2018",,
718,752fd1e39971452cdd8a652436c33a07,"17:36 8 May 2018",,
719,752fd1e39971452cdd8a652436c33a07,"17:36 8 May 2018",,
720,752fd1e39971452cdd8a652436c33a07,"17:36 8 May 2018",,
721,fb8f2140ea621422c3b8c7eb1e7461cb,"17:38 8 May 2018",,
722,752fd1e39971452cdd8a652436c33a07,"17:39 8 May 2018",,
723,752fd1e39971452cdd8a652436c33a07,"17:39 8 May 2018",,
724,752fd1e39971452cdd8a652436c33a07,"17:39 8 May 2018",,
725,752fd1e39971452cdd8a652436c33a07,"17:39 8 May 2018",,
726,752fd1e39971452cdd8a652436c33a07,"17:39 8 May 2018",,
727,752fd1e39971452cdd8a652436c33a07,"17:39 8 May 2018",,
728,752fd1e39971452cdd8a652436c33a07,"17:39 8 May 2018",,
729,752fd1e39971452cdd8a652436c33a07,"17:39 8 May 2018",,
730,752fd1e39971452cdd8a652436c33a07,"17:39 8 May 2018",,
732,fb8f2140ea621422c3b8c7eb1e7461cb,"17:40 8 May 2018",,
733,fb8f2140ea621422c3b8c7eb1e7461cb,"17:40 8 May 2018",,
734,752fd1e39971452cdd8a652436c33a07,"17:41 8 May 2018",,
735,752fd1e39971452cdd8a652436c33a07,"17:41 8 May 2018",,
736,752fd1e39971452cdd8a652436c33a07,"17:41 8 May 2018",,
737,752fd1e39971452cdd8a652436c33a07,"17:41 8 May 2018",,
738,752fd1e39971452cdd8a652436c33a07,"17:41 8 May 2018",,
739,752fd1e39971452cdd8a652436c33a07,"17:41 8 May 2018",,
740,752fd1e39971452cdd8a652436c33a07,"17:41 8 May 2018",,
741,752fd1e39971452cdd8a652436c33a07,"17:41 8 May 2018",,
742,752fd1e39971452cdd8a652436c33a07,"17:41 8 May 2018",,
743,752fd1e39971452cdd8a652436c33a07,"17:41 8 May 2018",,
744,752fd1e39971452cdd8a652436c33a07,"17:41 8 May 2018",,
745,d0b577903165015a421a88dde6536ec6,"18:12 8 May 2018",,
746,d0b577903165015a421a88dde6536ec6,"18:14 8 May 2018",,
747,950c8148b4c7703590bbe92d54ca1ef7,"18:51 8 May 2018",,
748,950c8148b4c7703590bbe92d54ca1ef7,"18:52 8 May 2018",,
749,e42149baa04a3df438944b88d3fed143,"22:57 8 May 2018",,
750,950c8148b4c7703590bbe92d54ca1ef7,"23:07 8 May 2018",,
751,6568355b04226898c50fb5aadc487b56,"3:00 9 May 2018",,
752,38efe042d71f8e3073c3d36826562b35,"10:26 9 May 2018",,
753,950c8148b4c7703590bbe92d54ca1ef7,"12:27 9 May 2018",,
754,950c8148b4c7703590bbe92d54ca1ef7,"13:39 9 May 2018",,
755,950c8148b4c7703590bbe92d54ca1ef7,"17:24 9 May 2018",,
756,ad8783991619bcb350581e4187c1082a,"20:11 9 May 2018",,
757,950c8148b4c7703590bbe92d54ca1ef7,"20:22 9 May 2018",,
758,41500558eb9dec193347f3a436ad50a8,"20:44 9 May 2018",,
759,41500558eb9dec193347f3a436ad50a8,"20:45 9 May 2018",,
760,ab920a7925a2dd9771f236412cd7babc,"22:05 9 May 2018",,
761,950c8148b4c7703590bbe92d54ca1ef7,"1:53 10 May 2018",,
762,950c8148b4c7703590bbe92d54ca1ef7,"8:12 10 May 2018",,
763,950c8148b4c7703590bbe92d54ca1ef7,"10:35 10 May 2018",,
764,f44942350a1a59285520eb920deff9a8,"12:34 10 May 2018",,
765,950c8148b4c7703590bbe92d54ca1ef7,"12:50 10 May 2018",,
766,f44942350a1a59285520eb920deff9a8,"12:55 10 May 2018",,
767,950c8148b4c7703590bbe92d54ca1ef7,"13:17 10 May 2018",,
768,950c8148b4c7703590bbe92d54ca1ef7,"13:23 10 May 2018",,
770,7c3fb05b44f1c29aecadaddc29d0ec27,"14:12 10 May 2018",,
771,950c8148b4c7703590bbe92d54ca1ef7,"14:38 10 May 2018",,
772,950c8148b4c7703590bbe92d54ca1ef7,"16:49 10 May 2018",,
773,950c8148b4c7703590bbe92d54ca1ef7,"17:02 10 May 2018",,
774,950c8148b4c7703590bbe92d54ca1ef7,"17:12 10 May 2018",,
775,f1040d0151988c890c67f2fd8de6554e,"17:13 10 May 2018",,
776,f1040d0151988c890c67f2fd8de6554e,"17:14 10 May 2018",,
777,f1040d0151988c890c67f2fd8de6554e,"17:16 10 May 2018",,
779,4336b31ba067c28f32c8ab85d314903a,"17:57 10 May 2018",,
780,4336b31ba067c28f32c8ab85d314903a,"18:01 10 May 2018",,
781,950c8148b4c7703590bbe92d54ca1ef7,"21:19 10 May 2018",,
782,d975cbfe8133f1d3b4e7435b32fe349a,"0:03 11 May 2018",,
783,d975cbfe8133f1d3b4e7435b32fe349a,"0:05 11 May 2018",,
784,950c8148b4c7703590bbe92d54ca1ef7,"6:07 11 May 2018",,
785,950c8148b4c7703590bbe92d54ca1ef7,"6:38 11 May 2018",,
786,950c8148b4c7703590bbe92d54ca1ef7,"6:45 11 May 2018",,
787,950c8148b4c7703590bbe92d54ca1ef7,"8:18 11 May 2018",,
788,950c8148b4c7703590bbe92d54ca1ef7,"8:44 11 May 2018",,
789,950c8148b4c7703590bbe92d54ca1ef7,"10:10 11 May 2018",,
790,f3abe9d7049d18069274d7808aecbfe1,"10:28 11 May 2018",,
792,70670b4a9f06ff664975cc7425de6f37,"11:40 11 May 2018",,
793,70670b4a9f06ff664975cc7425de6f37,"11:40 11 May 2018",,
795,957ae223af93dac09bba62dcbdabe2ed,"12:28 11 May 2018",,
796,950c8148b4c7703590bbe92d54ca1ef7,"12:42 11 May 2018",,
797,950c8148b4c7703590bbe92d54ca1ef7,"13:30 11 May 2018",,
798,e88027ab78a2b925279dd5354c165aa7,"14:33 11 May 2018",,
799,e88027ab78a2b925279dd5354c165aa7,"14:52 11 May 2018",,
800,e88027ab78a2b925279dd5354c165aa7,"14:55 11 May 2018",,
801,6f60385bb783c58d5027ec58759dd2f5,"15:03 11 May 2018",,
802,e88027ab78a2b925279dd5354c165aa7,"15:07 11 May 2018",,
803,6f60385bb783c58d5027ec58759dd2f5,"15:10 11 May 2018",,
804,2d3e928578701e28ef7ede72ed764261,"16:13 11 May 2018",,
805,2d3e928578701e28ef7ede72ed764261,"16:14 11 May 2018",,
806,950c8148b4c7703590bbe92d54ca1ef7,"17:04 11 May 2018",,
807,950c8148b4c7703590bbe92d54ca1ef7,"17:07 11 May 2018",,
808,e88027ab78a2b925279dd5354c165aa7,"17:15 11 May 2018",,
809,0b73f020472d6be2852a2edc7fb7e63d,"17:25 11 May 2018",,
810,75cdb940413079b3da0a17ca67876792,"18:26 11 May 2018",,
811,950c8148b4c7703590bbe92d54ca1ef7,"18:54 11 May 2018",,
812,950c8148b4c7703590bbe92d54ca1ef7,"21:28 11 May 2018",,
813,950c8148b4c7703590bbe92d54ca1ef7,"1:42 12 May 2018",,
814,950c8148b4c7703590bbe92d54ca1ef7,"12:45 12 May 2018",,
815,950c8148b4c7703590bbe92d54ca1ef7,"13:41 12 May 2018",,
816,950c8148b4c7703590bbe92d54ca1ef7,"16:23 12 May 2018",,
817,950c8148b4c7703590bbe92d54ca1ef7,"19:26 12 May 2018",,
818,d975cbfe8133f1d3b4e7435b32fe349a,"21:22 12 May 2018",,
819,950c8148b4c7703590bbe92d54ca1ef7,"21:45 12 May 2018",,
820,950c8148b4c7703590bbe92d54ca1ef7,"22:14 12 May 2018",,
821,950c8148b4c7703590bbe92d54ca1ef7,"10:46 13 May 2018",,
822,950c8148b4c7703590bbe92d54ca1ef7,"12:46 13 May 2018",,
823,c169114141758629a0f1849273a765e7,"14:54 13 May 2018",,
824,c169114141758629a0f1849273a765e7,"14:56 13 May 2018",,
825,abd482375f97e6b272691e6c77447c3e,"8:10 14 May 2018",,
826,abd482375f97e6b272691e6c77447c3e,"8:10 14 May 2018",,
827,abd482375f97e6b272691e6c77447c3e,"8:11 14 May 2018",,
828,950c8148b4c7703590bbe92d54ca1ef7,"8:57 14 May 2018",,
829,950c8148b4c7703590bbe92d54ca1ef7,"8:59 14 May 2018",,
830,5a09be86dcee19db8602e7459fc226d6,"9:27 14 May 2018",,
831,5a09be86dcee19db8602e7459fc226d6,"9:27 14 May 2018",,
832,950c8148b4c7703590bbe92d54ca1ef7,"10:37 14 May 2018",,
833,950c8148b4c7703590bbe92d54ca1ef7,"12:45 14 May 2018",,
834,950c8148b4c7703590bbe92d54ca1ef7,"13:50 14 May 2018",,
835,950c8148b4c7703590bbe92d54ca1ef7,"15:19 14 May 2018",,
836,70670b4a9f06ff664975cc7425de6f37,"16:30 14 May 2018",,
838,950c8148b4c7703590bbe92d54ca1ef7,"16:46 14 May 2018",,
839,950c8148b4c7703590bbe92d54ca1ef7,"19:15 14 May 2018",,
840,fb14ede1eb8afc1960f4470d3128a589,"0:50 15 May 2018",,
841,fb14ede1eb8afc1960f4470d3128a589,"0:51 15 May 2018",,
842,950c8148b4c7703590bbe92d54ca1ef7,"0:58 15 May 2018",,
843,6d96d78bce958615e727152f995bd041,"8:40 15 May 2018",,
844,38efe042d71f8e3073c3d36826562b35,"8:50 15 May 2018",,
845,4f7edaaed5a68b33ee6ae368a6e657db,"9:00 15 May 2018",,
846,4f7edaaed5a68b33ee6ae368a6e657db,"9:01 15 May 2018",,
847,6f60385bb783c58d5027ec58759dd2f5,"9:03 15 May 2018",,
848,3cac40ce4875d335f8d701062327c9ee,"9:43 15 May 2018",,
849,3cac40ce4875d335f8d701062327c9ee,"9:44 15 May 2018",,
850,918a3adb919e2eb9cb0c776e20ec82d6,"9:49 15 May 2018",,
851,918a3adb919e2eb9cb0c776e20ec82d6,"10:11 15 May 2018",,
852,918a3adb919e2eb9cb0c776e20ec82d6,"10:11 15 May 2018",,
853,918a3adb919e2eb9cb0c776e20ec82d6,"10:13 15 May 2018",,
854,4cb9511e923125ab76657a790d158dff,"10:15 15 May 2018",,
855,918a3adb919e2eb9cb0c776e20ec82d6,"10:15 15 May 2018",,
856,4cb9511e923125ab76657a790d158dff,"10:17 15 May 2018",,
857,3d3cd71af31aa64641d8cbc4b59f19a8,"11:02 15 May 2018",,
858,1ba9692413f4c269ba2ccab8394251c7,"16:12 15 May 2018",,
859,abc7f36f0ac5298b781ac0c41c9a6fa7,"16:40 15 May 2018",,
860,950c8148b4c7703590bbe92d54ca1ef7,"18:06 15 May 2018",,
861,e60d295f0ced2b8db04604af0b53eb30,"19:13 15 May 2018",,
862,e60d295f0ced2b8db04604af0b53eb30,"19:17 15 May 2018",,
863,6d96d78bce958615e727152f995bd041,"19:29 15 May 2018",,
864,950c8148b4c7703590bbe92d54ca1ef7,"19:38 15 May 2018",,
865,950c8148b4c7703590bbe92d54ca1ef7,"21:32 15 May 2018",,
866,950c8148b4c7703590bbe92d54ca1ef7,"22:29 15 May 2018",,
867,3cac40ce4875d335f8d701062327c9ee,"8:47 16 May 2018",,
868,950c8148b4c7703590bbe92d54ca1ef7,"10:21 16 May 2018",,
869,13bbcc4d1e29c5b168b0bfe2cf068c5f,"11:13 16 May 2018",,
870,13bbcc4d1e29c5b168b0bfe2cf068c5f,"11:32 16 May 2018",,
872,fb030203e5334469c6f8d71510ad495b,"17:55 16 May 2018",,
873,fb030203e5334469c6f8d71510ad495b,"17:58 16 May 2018",,
874,950c8148b4c7703590bbe92d54ca1ef7,"21:02 16 May 2018",,
875,9e9891d5a11af9b2e6e978fad8f6117e,"8:30 17 May 2018",,
876,9e9891d5a11af9b2e6e978fad8f6117e,"8:33 17 May 2018",,
877,950c8148b4c7703590bbe92d54ca1ef7,"10:43 17 May 2018",,
878,2659b0bed82e5d58af75df4cf6f3695d,"12:10 17 May 2018",,
879,6916176658ebe88db9a13a70f60a188e,"12:34 17 May 2018",,
880,b79d8ff5986e38440ab5cc6c25b09eba,"12:35 17 May 2018",,
881,6916176658ebe88db9a13a70f60a188e,"12:35 17 May 2018",,
882,b79d8ff5986e38440ab5cc6c25b09eba,"12:35 17 May 2018",,
883,6916176658ebe88db9a13a70f60a188e,"12:35 17 May 2018",,
884,b79d8ff5986e38440ab5cc6c25b09eba,"12:37 17 May 2018",,
885,b79d8ff5986e38440ab5cc6c25b09eba,"12:43 17 May 2018",,
886,b79d8ff5986e38440ab5cc6c25b09eba,"12:45 17 May 2018",,
887,b79d8ff5986e38440ab5cc6c25b09eba,"12:48 17 May 2018",,
888,3cac40ce4875d335f8d701062327c9ee,"13:51 17 May 2018",,
889,950c8148b4c7703590bbe92d54ca1ef7,"15:47 17 May 2018",,
890,950c8148b4c7703590bbe92d54ca1ef7,"19:36 17 May 2018",,
891,950c8148b4c7703590bbe92d54ca1ef7,"19:43 17 May 2018",,
892,2d8f0b24408d5cee404c2e270dd282ca,"2:24 18 May 2018",,
893,849a5383e1597a3f6349d2077af0bae8,"4:55 18 May 2018",,
894,849a5383e1597a3f6349d2077af0bae8,"4:59 18 May 2018",,
895,e8cecf3226e9e8880f203ca81d590703,"6:09 18 May 2018",,
896,950c8148b4c7703590bbe92d54ca1ef7,"8:34 18 May 2018",,
897,950c8148b4c7703590bbe92d54ca1ef7,"8:35 18 May 2018",,
898,950c8148b4c7703590bbe92d54ca1ef7,"14:09 18 May 2018",,
899,6a9c06c94603bcc8153aa0b2a5184ffe,"15:50 18 May 2018",,
900,950c8148b4c7703590bbe92d54ca1ef7,"16:10 18 May 2018",,
901,c312fd2f6653d13e8fa648201ed14190,"18:31 18 May 2018",,
902,8ffd166602527bc255896de228492b11,"12:35 19 May 2018",,
903,8ffd166602527bc255896de228492b11,"12:36 19 May 2018",,
904,8ffd166602527bc255896de228492b11,"12:40 19 May 2018",,
905,8ffd166602527bc255896de228492b11,"12:40 19 May 2018",,
906,2d8f0b24408d5cee404c2e270dd282ca,"4:37 20 May 2018",,
907,950c8148b4c7703590bbe92d54ca1ef7,"7:41 20 May 2018",,
908,950c8148b4c7703590bbe92d54ca1ef7,"7:41 20 May 2018",,
909,950c8148b4c7703590bbe92d54ca1ef7,"7:47 20 May 2018",,
910,f3abe9d7049d18069274d7808aecbfe1,"8:30 20 May 2018",,
911,26f816377ab9bffd0e574925db669301,"10:10 20 May 2018",,
912,950c8148b4c7703590bbe92d54ca1ef7,"12:54 20 May 2018",,
913,950c8148b4c7703590bbe92d54ca1ef7,"9:17 21 May 2018",,
914,950c8148b4c7703590bbe92d54ca1ef7,"9:18 21 May 2018",,
915,e24a7fe00e7d2a92eb8877595519444c,"9:28 21 May 2018",,
916,e24a7fe00e7d2a92eb8877595519444c,"9:30 21 May 2018",,
917,e24a7fe00e7d2a92eb8877595519444c,"9:42 21 May 2018",,
918,e24a7fe00e7d2a92eb8877595519444c,"9:44 21 May 2018",,
919,4f4412c1d6e05370caf4f41ad0a36b8c,"12:33 21 May 2018",,
920,c232a4269633f9dec6a07bd03ae4d416,"12:57 21 May 2018",,
921,950c8148b4c7703590bbe92d54ca1ef7,"13:51 21 May 2018",,
922,01750f33c7e05ff2ba1d37130a906226,"14:46 21 May 2018",,
923,01750f33c7e05ff2ba1d37130a906226,"14:50 21 May 2018",,
925,3cac40ce4875d335f8d701062327c9ee,"17:27 21 May 2018",,
926,3cac40ce4875d335f8d701062327c9ee,"17:28 21 May 2018",,
927,3cac40ce4875d335f8d701062327c9ee,"17:28 21 May 2018",,
928,6d96d78bce958615e727152f995bd041,"21:45 21 May 2018",,
929,e24a7fe00e7d2a92eb8877595519444c,"23:26 21 May 2018",,
930,f3abe9d7049d18069274d7808aecbfe1,"23:30 21 May 2018",,
932,fa3974337e97816d857d3949160f2672,"9:48 22 May 2018",,
933,950c8148b4c7703590bbe92d54ca1ef7,"12:36 22 May 2018",,
934,3cac40ce4875d335f8d701062327c9ee,"12:50 22 May 2018",,
936,3cac40ce4875d335f8d701062327c9ee,"12:53 22 May 2018",,
937,51f3211bf327c4e6bcf517b6753b2ee8,"13:20 22 May 2018",,
938,950c8148b4c7703590bbe92d54ca1ef7,"22:36 22 May 2018",,
941,eaaf7ddd189a261280320805f2f7c2c8,"23:21 22 May 2018",,
942,eaaf7ddd189a261280320805f2f7c2c8,"23:22 22 May 2018",,
943,f3abe9d7049d18069274d7808aecbfe1,"23:46 22 May 2018",,
944,950c8148b4c7703590bbe92d54ca1ef7,"10:05 23 May 2018",,
945,950c8148b4c7703590bbe92d54ca1ef7,"15:45 23 May 2018",,
947,3cac40ce4875d335f8d701062327c9ee,"16:09 23 May 2018",,
948,950c8148b4c7703590bbe92d54ca1ef7,"17:29 23 May 2018",,
949,f3abe9d7049d18069274d7808aecbfe1,"22:38 23 May 2018",,
950,950c8148b4c7703590bbe92d54ca1ef7,"8:22 24 May 2018",,
951,3cac40ce4875d335f8d701062327c9ee,"11:45 24 May 2018",,
952,950c8148b4c7703590bbe92d54ca1ef7,"16:41 24 May 2018",,
953,c8a97b2ca607b498dbc39dfd2cd2fb6d,"9:29 25 May 2018",,
954,950c8148b4c7703590bbe92d54ca1ef7,"11:56 25 May 2018",,
956,781773bc0af21dbc8767a22127adc63c,"20:24 25 May 2018",,
957,781773bc0af21dbc8767a22127adc63c,"20:25 25 May 2018",,
958,781773bc0af21dbc8767a22127adc63c,"20:41 25 May 2018",,
959,950c8148b4c7703590bbe92d54ca1ef7,"12:05 26 May 2018",,
960,950c8148b4c7703590bbe92d54ca1ef7,"18:37 26 May 2018",,
961,6803c63cc8994dfb29c61116949a5a76,"22:27 26 May 2018",,
962,950c8148b4c7703590bbe92d54ca1ef7,"11:03 27 May 2018",,
963,4564e973fc2957ab5f07920bf872b2eb,"15:03 27 May 2018",,
964,4564e973fc2957ab5f07920bf872b2eb,"15:04 27 May 2018",,
965,950c8148b4c7703590bbe92d54ca1ef7,"22:38 27 May 2018",,
966,bc3e020a4a2673c05eede3450d40af3d,"22:54 27 May 2018",,
967,bc3e020a4a2673c05eede3450d40af3d,"23:07 27 May 2018",,
968,46a8dcd77cd75ee9b1fa4a458c47b302,"23:28 27 May 2018",,
969,2f7d4172c98e14504f37635a6f289176,"12:06 28 May 2018",,
970,2f7d4172c98e14504f37635a6f289176,"12:09 28 May 2018",,
971,950c8148b4c7703590bbe92d54ca1ef7,"17:11 28 May 2018",,
972,b79d8ff5986e38440ab5cc6c25b09eba,"21:10 28 May 2018",,
973,b79d8ff5986e38440ab5cc6c25b09eba,"21:10 28 May 2018",,
974,bc3e020a4a2673c05eede3450d40af3d,"22:09 28 May 2018",,
975,950c8148b4c7703590bbe92d54ca1ef7,"22:16 28 May 2018",,
976,950c8148b4c7703590bbe92d54ca1ef7,"23:31 28 May 2018",,
977,677f33d541282b3e021da3d357152c50,"3:42 29 May 2018",,
978,677f33d541282b3e021da3d357152c50,"3:46 29 May 2018",,
979,677f33d541282b3e021da3d357152c50,"3:50 29 May 2018",,
980,ab920a7925a2dd9771f236412cd7babc,"11:46 29 May 2018",,
981,ab920a7925a2dd9771f236412cd7babc,"11:47 29 May 2018",,
982,ab920a7925a2dd9771f236412cd7babc,"11:49 29 May 2018",,
983,950c8148b4c7703590bbe92d54ca1ef7,"14:13 29 May 2018",,
985,0b73f020472d6be2852a2edc7fb7e63d,"15:45 31 May 2018",,
986,0b73f020472d6be2852a2edc7fb7e63d,"15:46 31 May 2018",,
987,1453fa97b1d15e7f65a0e9a68049e84d,"12:33 1 Jun 2018",,
988,1453fa97b1d15e7f65a0e9a68049e84d,"12:38 1 Jun 2018",,
989,7296d519abcf63c5137a1391e2296e85,"20:41 1 Jun 2018",,
990,918a3adb919e2eb9cb0c776e20ec82d6,"9:28 3 Jun 2018",,
991,950c8148b4c7703590bbe92d54ca1ef7,"11:16 3 Jun 2018",,
992,d2a8806dfd304305f535c23d4bef59e4,"20:43 3 Jun 2018",,
993,950c8148b4c7703590bbe92d54ca1ef7,"23:19 3 Jun 2018",,
994,c0b6791c297c8850e2051f32e27c23d4,"3:13 4 Jun 2018",,
995,950c8148b4c7703590bbe92d54ca1ef7,"8:25 4 Jun 2018",,
996,950c8148b4c7703590bbe92d54ca1ef7,"9:47 4 Jun 2018",,
997,950c8148b4c7703590bbe92d54ca1ef7,"12:54 4 Jun 2018",,
999,950c8148b4c7703590bbe92d54ca1ef7,"20:22 4 Jun 2018",,
1000,d51a061a2273955e17ec09164d8ce689,"9:08 5 Jun 2018",,
1001,d51a061a2273955e17ec09164d8ce689,"9:12 5 Jun 2018",,
1002,6104f12432850ff760fb8cfb580a00fe,"11:01 5 Jun 2018",,
1003,6104f12432850ff760fb8cfb580a00fe,"11:05 5 Jun 2018",,
1004,6104f12432850ff760fb8cfb580a00fe,"11:05 5 Jun 2018",,
1005,6104f12432850ff760fb8cfb580a00fe,"11:09 5 Jun 2018",,
1006,950c8148b4c7703590bbe92d54ca1ef7,"13:25 5 Jun 2018",,
1007,950c8148b4c7703590bbe92d54ca1ef7,"16:41 5 Jun 2018",,
1008,950c8148b4c7703590bbe92d54ca1ef7,"20:33 5 Jun 2018",,
1009,950c8148b4c7703590bbe92d54ca1ef7,"21:36 5 Jun 2018",,
1010,950c8148b4c7703590bbe92d54ca1ef7,"23:20 5 Jun 2018",,
1011,2f7d4172c98e14504f37635a6f289176,"8:55 6 Jun 2018",,
1012,2f7d4172c98e14504f37635a6f289176,"8:56 6 Jun 2018",,
1013,d79d1d7e16537e47408b54fa90e443fe,"9:11 6 Jun 2018",,
1014,d79d1d7e16537e47408b54fa90e443fe,"10:54 6 Jun 2018",,
1015,9fb998207c00646d7233beaf2102a3bd,"11:31 6 Jun 2018",,
1016,e1203e25d10c8192dcc3f330db21a8f4,"5:55 7 Jun 2018",,
1017,e1203e25d10c8192dcc3f330db21a8f4,"5:59 7 Jun 2018",,
1018,3c0a7766d212948b5412f55e89c0b581,"13:47 8 Jun 2018",,
1019,3e2aa701245c48e3c8641d270a60dc3c,"15:59 8 Jun 2018",,
1020,3e2aa701245c48e3c8641d270a60dc3c,"6:06 9 Jun 2018",,
1021,f36028150e9b113456122e1548409091,"17:18 10 Jun 2018",,
1022,3cac40ce4875d335f8d701062327c9ee,"15:33 11 Jun 2018",,
1023,950c8148b4c7703590bbe92d54ca1ef7,"16:58 11 Jun 2018",,
1025,3cac40ce4875d335f8d701062327c9ee,"11:22 12 Jun 2018",,
1026,3cac40ce4875d335f8d701062327c9ee,"11:22 12 Jun 2018",,
1027,8396a8d274ec122c666e725e7ef9609c,"8:14 18 Jun 2018",,
1028,b79d8ff5986e38440ab5cc6c25b09eba,"12:16 18 Jun 2018",,
1029,b79d8ff5986e38440ab5cc6c25b09eba,"12:17 18 Jun 2018",,
1031,b79d8ff5986e38440ab5cc6c25b09eba,"12:19 18 Jun 2018",,
1032,b79d8ff5986e38440ab5cc6c25b09eba,"12:20 18 Jun 2018",,
1033,afb60791627ff021468f3deeef8be4d4,"9:04 22 Jun 2018",,
1034,afb60791627ff021468f3deeef8be4d4,"9:13 22 Jun 2018",,
1035,41500558eb9dec193347f3a436ad50a8,"22:31 24 Jun 2018",,
1036,41500558eb9dec193347f3a436ad50a8,"22:53 24 Jun 2018",,
1037,3cac40ce4875d335f8d701062327c9ee,"10:08 25 Jun 2018",,
1038,950c8148b4c7703590bbe92d54ca1ef7,"13:03 25 Jun 2018",,
1039,3cac40ce4875d335f8d701062327c9ee,"13:06 25 Jun 2018",,
1040,950c8148b4c7703590bbe92d54ca1ef7,"13:11 25 Jun 2018",,
1041,950c8148b4c7703590bbe92d54ca1ef7,"13:11 25 Jun 2018",,
1042,950c8148b4c7703590bbe92d54ca1ef7,"13:11 25 Jun 2018",,
1043,728ef45101fceada978d40abf63327a9,"10:49 26 Jun 2018",,
1044,7d72fb14ec40cab284f472e162eebfe1,"12:15 26 Jun 2018",,
1045,7d72fb14ec40cab284f472e162eebfe1,"12:17 26 Jun 2018",,
1046,01d21b03eb18d6dc2531bdf7d846f6c2,"15:15 26 Jun 2018",,
1047,01d21b03eb18d6dc2531bdf7d846f6c2,"15:16 26 Jun 2018",,
1048,01d21b03eb18d6dc2531bdf7d846f6c2,"15:18 26 Jun 2018",,
1049,01d21b03eb18d6dc2531bdf7d846f6c2,"15:18 26 Jun 2018",,
1050,950c8148b4c7703590bbe92d54ca1ef7,"15:37 26 Jun 2018",,
1051,b79d8ff5986e38440ab5cc6c25b09eba,"16:38 26 Jun 2018",,
1052,b79d8ff5986e38440ab5cc6c25b09eba,"16:39 26 Jun 2018",,
1053,57eee48ccc23b39b52da46155a87242b,"7:25 28 Jun 2018",,
1054,57eee48ccc23b39b52da46155a87242b,"7:32 28 Jun 2018",,
1055,950c8148b4c7703590bbe92d54ca1ef7,"14:21 28 Jun 2018",,
1056,950c8148b4c7703590bbe92d54ca1ef7,"14:21 28 Jun 2018",,
1057,950c8148b4c7703590bbe92d54ca1ef7,"15:40 28 Jun 2018",,
1058,950c8148b4c7703590bbe92d54ca1ef7,"15:43 28 Jun 2018",,
1059,950c8148b4c7703590bbe92d54ca1ef7,"15:47 28 Jun 2018",,
1060,950c8148b4c7703590bbe92d54ca1ef7,"16:29 28 Jun 2018",,
1061,950c8148b4c7703590bbe92d54ca1ef7,"16:30 28 Jun 2018",,
1062,950c8148b4c7703590bbe92d54ca1ef7,"17:01 28 Jun 2018",,
1063,950c8148b4c7703590bbe92d54ca1ef7,"17:03 28 Jun 2018",,
1064,950c8148b4c7703590bbe92d54ca1ef7,"17:05 28 Jun 2018",,
1065,950c8148b4c7703590bbe92d54ca1ef7,"17:06 28 Jun 2018",,
1066,950c8148b4c7703590bbe92d54ca1ef7,"17:06 28 Jun 2018",,
1067,950c8148b4c7703590bbe92d54ca1ef7,"17:11 28 Jun 2018",,
1068,950c8148b4c7703590bbe92d54ca1ef7,"17:17 28 Jun 2018",,
1069,950c8148b4c7703590bbe92d54ca1ef7,"17:48 28 Jun 2018",,
1070,950c8148b4c7703590bbe92d54ca1ef7,"17:49 28 Jun 2018",,
1071,950c8148b4c7703590bbe92d54ca1ef7,"19:46 28 Jun 2018",,
1072,bc3e020a4a2673c05eede3450d40af3d,"21:16 28 Jun 2018",,
1073,3cac40ce4875d335f8d701062327c9ee,"11:05 29 Jun 2018",,
1074,3cac40ce4875d335f8d701062327c9ee,"11:06 29 Jun 2018",,
1075,950c8148b4c7703590bbe92d54ca1ef7,"16:07 29 Jun 2018",,
1076,950c8148b4c7703590bbe92d54ca1ef7,"16:59 29 Jun 2018",,
1077,950c8148b4c7703590bbe92d54ca1ef7,"18:40 29 Jun 2018",,
1078,bc3e020a4a2673c05eede3450d40af3d,"19:05 29 Jun 2018",,
1079,950c8148b4c7703590bbe92d54ca1ef7,"22:12 29 Jun 2018",,
1080,950c8148b4c7703590bbe92d54ca1ef7,"23:44 29 Jun 2018",,
1081,950c8148b4c7703590bbe92d54ca1ef7,"0:56 30 Jun 2018",,
1082,950c8148b4c7703590bbe92d54ca1ef7,"16:34 30 Jun 2018",,
1083,c480dab88cec253d6e8f1a130979ac42,"11:09 1 Jul 2018",,
1084,950c8148b4c7703590bbe92d54ca1ef7,"12:53 1 Jul 2018",,
1085,950c8148b4c7703590bbe92d54ca1ef7,"15:39 1 Jul 2018",,
1086,950c8148b4c7703590bbe92d54ca1ef7,"21:11 1 Jul 2018",,
1087,950c8148b4c7703590bbe92d54ca1ef7,"22:25 1 Jul 2018",,
1088,950c8148b4c7703590bbe92d54ca1ef7,"15:58 2 Jul 2018",,
1089,950c8148b4c7703590bbe92d54ca1ef7,"15:58 2 Jul 2018",,
1090,950c8148b4c7703590bbe92d54ca1ef7,"18:41 2 Jul 2018",,
1091,703459d5a6b9ac1882cedb227f766e51,"14:43 3 Jul 2018",,
1093,c480dab88cec253d6e8f1a130979ac42,"10:40 4 Jul 2018",,
1094,950c8148b4c7703590bbe92d54ca1ef7,"12:25 4 Jul 2018",,
1095,950c8148b4c7703590bbe92d54ca1ef7,"12:57 4 Jul 2018",,
1096,728ef45101fceada978d40abf63327a9,"14:06 4 Jul 2018",,
1097,950c8148b4c7703590bbe92d54ca1ef7,"22:02 5 Jul 2018",,
1098,950c8148b4c7703590bbe92d54ca1ef7,"15:47 6 Jul 2018",,
1099,950c8148b4c7703590bbe92d54ca1ef7,"22:11 6 Jul 2018",,
1100,b79d8ff5986e38440ab5cc6c25b09eba,"14:39 13 Jul 2018",,
1101,b79d8ff5986e38440ab5cc6c25b09eba,"14:41 13 Jul 2018",,
1102,b79d8ff5986e38440ab5cc6c25b09eba,"14:41 13 Jul 2018",,
1103,b79d8ff5986e38440ab5cc6c25b09eba,"14:42 13 Jul 2018",,
1104,9f71d41f214d0c8aa5c3a248093d92c4,"16:09 13 Jul 2018",,
1105,9f71d41f214d0c8aa5c3a248093d92c4,"16:17 13 Jul 2018",,
1106,4e9e69de1f95808293a040ea92021b4a,"11:50 19 Jul 2018",,
1107,4e9e69de1f95808293a040ea92021b4a,"11:51 19 Jul 2018",,
1109,950c8148b4c7703590bbe92d54ca1ef7,"22:34 25 Jul 2018",,
1110,950c8148b4c7703590bbe92d54ca1ef7,"16:24 29 Jul 2018",,
1111,950c8148b4c7703590bbe92d54ca1ef7,"19:53 31 Jul 2018",,
1112,3cac40ce4875d335f8d701062327c9ee,"13:34 3 Aug 2018",,
